Age,CityTier,NumberOfPersonVisiting,PreferredPropertyStar,NumberOfTrips,NumberOfChildrenVisiting,MonthlyIncome,PitchSatisfactionScore,NumberOfFollowups,DurationOfPitch,TypeofContact,Occupation,Gender,MaritalStatus,Designation,ProductPitched,Passport,OwnCar
44.0,1,3,3.0,2.0,0.0,22879.0,4,1.0,8.0,Self Enquiry,Salaried,Female,Married,Senior Manager,Standard,1,1
35.0,3,3,3.0,3.0,2.0,27306.0,1,4.0,20.0,Self Enquiry,Small Business,Male,Married,Senior Manager,Standard,0,1
47.0,3,4,5.0,3.0,2.0,29131.0,2,4.0,7.0,Self Enquiry,Small Business,Female,Married,Senior Manager,Standard,0,1
32.0,1,3,4.0,2.0,0.0,21220.0,3,3.0,6.0,Self Enquiry,Salaried,Male,Married,Manager,Deluxe,0,1
59.0,1,3,3.0,6.0,2.0,21157.0,2,4.0,9.0,Self Enquiry,Large Business,Male,Single,Executive,Basic,0,1
44.0,3,2,4.0,1.0,1.0,33213.0,5,3.0,11.0,Self Enquiry,Small Business,Male,Divorced,VP,King,0,1
32.0,1,2,4.0,2.0,0.0,17837.0,3,4.0,35.0,Self Enquiry,Salaried,Female,Single,Executive,Basic,0,1
27.0,3,3,3.0,3.0,2.0,23974.0,5,4.0,7.0,Self Enquiry,Salaried,Male,Married,Manager,Deluxe,0,0
38.0,3,2,3.0,4.0,1.0,20249.0,5,4.0,8.0,Company Invited,Salaried,Male,Divorced,Manager,Deluxe,0,1
32.0,1,3,3.0,2.0,1.0,23499.0,4,4.0,12.0,Self Enquiry,Large Business,Male,Married,Executive,Basic,1,1
40.0,1,3,3.0,2.0,1.0,18319.0,3,3.0,30.0,Self Enquiry,Large Business,Male,Married,Manager,Deluxe,0,1
38.0,1,3,3.0,3.0,1.0,22963.0,1,4.0,20.0,Self Enquiry,Small Business,Male,Married,Manager,Deluxe,0,0
35.0,3,3,3.0,2.0,0.0,23789.0,5,3.0,6.0,Company Invited,Small Business,Fe Male,Unmarried,Senior Manager,Standard,0,1
35.0,1,3,5.0,2.0,1.0,17074.0,1,3.0,8.0,Self Enquiry,Salaried,Female,Married,Executive,Basic,1,1
34.0,1,3,3.0,2.0,1.0,22086.0,5,6.0,17.0,Self Enquiry,Small Business,Male,Married,Executive,Basic,0,0
33.0,1,3,4.0,3.0,1.0,21515.0,3,5.0,36.0,Self Enquiry,Salaried,Female,Unmarried,Executive,Basic,0,1
51.0,1,3,3.0,4.0,0.0,17075.0,3,3.0,15.0,Self Enquiry,Salaried,Male,Divorced,Executive,Basic,0,1
29.0,3,2,5.0,2.0,1.0,16091.0,3,1.0,30.0,Company Invited,Large Business,Male,Single,Executive,Basic,0,1
34.0,3,3,3.0,1.0,2.0,20304.0,2,2.0,25.0,Company Invited,Small Business,Male,Single,Manager,Deluxe,1,1
38.0,1,2,3.0,6.0,1.0,32342.0,2,4.0,14.0,Self Enquiry,Small Business,Male,Single,Senior Manager,Standard,0,0
46.0,1,3,5.0,1.0,0.0,24396.0,2,3.0,6.0,Self Enquiry,Small Business,Male,Married,Senior Manager,Standard,0,0
54.0,2,2,4.0,3.0,0.0,25725.0,3,3.0,25.0,Self Enquiry,Small Business,Male,Divorced,Senior Manager,Standard,0,1
56.0,1,2,3.0,1.0,0.0,26103.0,4,3.0,15.0,Self Enquiry,Small Business,Male,Married,AVP,Super Deluxe,0,0
30.0,1,2,3.0,19.0,1.0,17285.0,4,3.0,10.0,Company Invited,Large Business,Male,Single,Executive,Basic,1,1
26.0,1,3,5.0,1.0,2.0,17867.0,5,3.0,6.0,Self Enquiry,Small Business,Male,Single,Executive,Basic,0,1
33.0,1,2,3.0,1.0,0.0,26691.0,4,3.0,13.0,Self Enquiry,Small Business,Male,Married,Senior Manager,Standard,0,1
24.0,1,3,4.0,2.0,1.0,17127.0,3,4.0,23.0,Self Enquiry,Salaried,Male,Married,Executive,Basic,0,1
30.0,1,4,3.0,2.0,3.0,25062.0,5,6.0,36.0,Self Enquiry,Salaried,Male,Married,Manager,Deluxe,0,1
33.0,3,3,4.0,1.0,0.0,20147.0,1,3.0,8.0,Company Invited,Small Business,Female,Single,Manager,Deluxe,0,0
53.0,3,2,4.0,3.0,0.0,22525.0,1,4.0,8.0,Company Invited,Small Business,Female,Married,Senior Manager,Standard,0,1
29.0,3,3,5.0,2.0,2.0,23576.0,3,4.0,14.0,Company Invited,Salaried,Male,Unmarried,Manager,Deluxe,0,1
39.0,1,2,5.0,2.0,0.0,20151.0,4,3.0,15.0,Self Enquiry,Small Business,Male,Married,Manager,Deluxe,0,1
46.0,3,4,4.0,2.0,3.0,23483.0,5,4.0,9.0,Self Enquiry,Salaried,Male,Married,Manager,Deluxe,0,1
35.0,1,3,4.0,2.0,1.0,30672.0,3,4.0,14.0,Self Enquiry,Salaried,Female,Single,Senior Manager,Standard,0,1
35.0,3,4,3.0,8.0,1.0,20909.0,5,4.0,9.0,Company Invited,Small Business,Female,Married,Executive,Basic,0,0
33.0,1,4,4.0,8.0,3.0,21010.0,3,5.0,7.0,Company Invited,Salaried,Female,Married,Executive,Basic,0,0
29.0,1,2,3.0,2.0,0.0,21623.0,4,4.0,16.0,Company Invited,Salaried,Female,Unmarried,Executive,Basic,0,1
41.0,3,2,3.0,1.0,1.0,21230.0,1,3.0,16.0,Company Invited,Salaried,Male,Single,Manager,Deluxe,0,0
43.0,1,3,3.0,6.0,1.0,22950.0,3,6.0,36.0,Self Enquiry,Small Business,Male,Unmarried,Manager,Deluxe,0,1
35.0,3,3,3.0,2.0,2.0,21029.0,4,6.0,13.0,Company Invited,Small Business,Female,Married,Executive,Basic,0,0
41.0,3,3,3.0,4.0,0.0,28591.0,1,3.0,12.0,Self Enquiry,Salaried,Female,Single,Senior Manager,Standard,1,0
33.0,1,2,3.0,1.0,0.0,21949.0,4,4.0,6.0,Self Enquiry,Salaried,Female,Unmarried,Manager,Deluxe,0,0
40.0,1,2,3.0,1.0,0.0,28499.0,4,3.0,15.0,Company Invited,Small Business,Fe Male,Unmarried,Senior Manager,Standard,0,0
26.0,1,3,5.0,1.0,1.0,18102.0,3,3.0,9.0,Company Invited,Large Business,Male,Single,Executive,Basic,0,0
41.0,1,2,5.0,3.0,0.0,18072.0,1,3.0,25.0,Self Enquiry,Salaried,Male,Married,Manager,Deluxe,0,0
37.0,1,2,3.0,2.0,1.0,27185.0,3,3.0,17.0,Company Invited,Salaried,Male,Married,Senior Manager,Standard,1,0
31.0,3,2,3.0,4.0,1.0,17329.0,4,4.0,13.0,Self Enquiry,Salaried,Male,Married,Executive,Basic,0,1
45.0,3,3,4.0,8.0,2.0,21040.0,3,6.0,8.0,Self Enquiry,Salaried,Male,Single,Manager,Deluxe,0,0
33.0,1,3,5.0,2.0,2.0,18348.0,5,3.0,9.0,Company Invited,Salaried,Male,Single,Executive,Basic,1,1
33.0,1,4,4.0,3.0,1.0,21048.0,4,4.0,9.0,Self Enquiry,Small Business,Female,Divorced,Executive,Basic,0,0
33.0,1,3,3.0,3.0,2.0,21388.0,3,3.0,14.0,Self Enquiry,Salaried,Male,Unmarried,Manager,Deluxe,1,0
30.0,3,2,3.0,1.0,0.0,21577.0,2,3.0,18.0,Self Enquiry,Large Business,Female,Unmarried,Manager,Deluxe,0,1
42.0,1,2,3.0,7.0,1.0,17759.0,3,2.0,25.0,Company Invited,Small Business,Male,Married,Executive,Basic,1,1
46.0,1,2,3.0,7.0,0.0,32861.0,5,3.0,8.0,Self Enquiry,Salaried,Male,Married,AVP,Super Deluxe,0,1
51.0,1,4,3.0,6.0,3.0,21058.0,5,4.0,16.0,Self Enquiry,Salaried,Male,Married,Executive,Basic,0,1
30.0,1,2,3.0,3.0,0.0,21091.0,1,5.0,8.0,Self Enquiry,Salaried,Female,Single,Manager,Deluxe,0,1
37.0,1,3,3.0,6.0,1.0,22366.0,5,3.0,25.0,Company Invited,Salaried,Male,Divorced,Executive,Basic,0,0
28.0,2,2,3.0,2.0,1.0,17706.0,4,3.0,6.0,Company Invited,Salaried,Male,Married,Executive,Basic,0,0
42.0,1,2,5.0,1.0,0.0,28348.0,3,3.0,12.0,Self Enquiry,Small Business,Male,Married,Senior Manager,Standard,0,1
44.0,1,2,4.0,1.0,0.0,20933.0,2,3.0,10.0,Self Enquiry,Small Business,Male,Single,Manager,Deluxe,0,1
39.0,1,3,4.0,3.0,1.0,21118.0,1,5.0,9.0,Company Invited,Small Business,Female,Single,Executive,Basic,0,1
42.0,1,2,5.0,4.0,0.0,21545.0,2,2.0,23.0,Self Enquiry,Salaried,Female,Unmarried,Manager,Deluxe,1,0
39.0,1,2,5.0,2.0,1.0,25880.0,5,3.0,28.0,Company Invited,Small Business,Fe Male,Unmarried,Senior Manager,Standard,1,1
28.0,1,2,3.0,1.0,0.0,21674.0,3,5.0,6.0,Company Invited,Salaried,Female,Divorced,Manager,Deluxe,0,1
43.0,1,3,5.0,7.0,1.0,32159.0,5,3.0,20.0,Self Enquiry,Salaried,Male,Married,AVP,Super Deluxe,0,1
45.0,1,4,3.0,3.0,2.0,26656.0,3,4.0,22.0,Self Enquiry,Small Business,Female,Divorced,Senior Manager,Standard,0,0
53.0,1,4,5.0,5.0,2.0,24255.0,4,4.0,13.0,Self Enquiry,Large Business,Male,Married,Manager,Deluxe,1,1
42.0,1,4,5.0,4.0,1.0,20916.0,1,4.0,16.0,Self Enquiry,Salaried,Male,Married,Executive,Basic,0,0
36.0,1,3,3.0,7.0,0.0,20237.0,3,3.0,33.0,Self Enquiry,Small Business,Male,Divorced,Manager,Deluxe,0,1
22.0,1,4,4.0,3.0,3.0,20748.0,5,5.0,7.0,Self Enquiry,Large Business,Female,Single,Executive,Basic,1,0
37.0,1,4,4.0,2.0,3.0,24592.0,2,4.0,12.0,Self Enquiry,Salaried,Male,Unmarried,Manager,Deluxe,0,0
30.0,3,3,4.0,7.0,2.0,24443.0,3,4.0,20.0,Company Invited,Large Business,Fe Male,Unmarried,Manager,Deluxe,0,0
36.0,1,4,5.0,4.0,3.0,28562.0,5,5.0,18.0,Company Invited,Small Business,Male,Married,Senior Manager,Standard,1,1
40.0,1,2,3.0,2.0,1.0,34033.0,5,3.0,10.0,Self Enquiry,Small Business,Female,Divorced,VP,King,0,0
51.0,1,2,3.0,3.0,1.0,25650.0,2,5.0,14.0,Company Invited,Salaried,Male,Unmarried,Senior Manager,Standard,0,0
39.0,3,3,5.0,6.0,2.0,21536.0,3,5.0,7.0,Self Enquiry,Salaried,Male,Unmarried,Executive,Basic,0,0
43.0,1,2,4.0,2.0,1.0,29336.0,3,4.0,18.0,Self Enquiry,Salaried,Male,Married,AVP,Super Deluxe,0,0
35.0,1,3,3.0,2.0,0.0,16951.0,4,3.0,10.0,Self Enquiry,Salaried,Male,Married,Executive,Basic,0,0
40.0,1,4,3.0,2.0,2.0,29616.0,2,4.0,9.0,Company Invited,Large Business,Female,Single,Senior Manager,Standard,0,1
27.0,3,3,3.0,3.0,1.0,23362.0,1,4.0,17.0,Self Enquiry,Small Business,Male,Unmarried,Manager,Deluxe,0,0
26.0,1,2,5.0,7.0,0.0,17042.0,5,3.0,8.0,Company Invited,Salaried,Male,Divorced,Executive,Basic,1,1
43.0,3,3,3.0,2.0,0.0,31959.0,2,3.0,32.0,Company Invited,Salaried,Male,Divorced,AVP,Super Deluxe,1,0
32.0,1,4,5.0,3.0,3.0,25511.0,2,4.0,18.0,Self Enquiry,Small Business,Male,Divorced,Manager,Deluxe,1,0
35.0,1,3,5.0,4.0,1.0,30309.0,2,5.0,12.0,Self Enquiry,Small Business,Female,Single,Senior Manager,Standard,0,0
34.0,1,3,4.0,8.0,2.0,21300.0,4,5.0,11.0,Self Enquiry,Small Business,Female,Married,Executive,Basic,0,0
31.0,1,2,4.0,2.0,1.0,16261.0,4,4.0,14.0,Self Enquiry,Salaried,Female,Single,Executive,Basic,0,0
35.0,3,4,3.0,3.0,1.0,24392.0,1,4.0,16.0,Self Enquiry,Salaried,Female,Married,Manager,Deluxe,0,0
42.0,3,3,3.0,2.0,2.0,24829.0,5,6.0,16.0,Company Invited,Salaried,Male,Married,AVP,Super Deluxe,0,1
34.0,1,2,5.0,4.0,1.0,20121.0,5,3.0,14.0,Self Enquiry,Salaried,Female,Married,Manager,Deluxe,0,1
34.0,1,3,5.0,2.0,1.0,21385.0,3,4.0,9.0,Self Enquiry,Salaried,Female,Divorced,Executive,Basic,0,1
34.0,1,2,4.0,1.0,0.0,26994.0,3,3.0,13.0,Self Enquiry,Salaried,Fe Male,Unmarried,Senior Manager,Standard,0,1
39.0,1,3,3.0,5.0,2.0,24939.0,2,4.0,36.0,Self Enquiry,Large Business,Male,Divorced,Manager,Deluxe,0,0
29.0,1,3,3.0,3.0,1.0,22119.0,1,4.0,12.0,Self Enquiry,Large Business,Male,Unmarried,Executive,Basic,1,0
35.0,1,2,3.0,3.0,1.0,20762.0,3,3.0,8.0,Company Invited,Small Business,Male,Married,Manager,Deluxe,0,0
26.0,3,2,3.0,2.0,1.0,20828.0,2,4.0,10.0,Self Enquiry,Small Business,Male,Single,Manager,Deluxe,1,1
37.0,1,3,3.0,7.0,1.0,21513.0,2,4.0,10.0,Self Enquiry,Salaried,Female,Married,Executive,Basic,0,1
35.0,1,4,5.0,6.0,2.0,24024.0,3,4.0,16.0,Company Invited,Salaried,Male,Married,Manager,Deluxe,0,0
40.0,1,3,3.0,2.0,1.0,30847.0,3,4.0,9.0,Company Invited,Salaried,Male,Married,AVP,Super Deluxe,0,1
33.0,3,2,3.0,2.0,0.0,17851.0,2,3.0,11.0,Self Enquiry,Small Business,Female,Single,Executive,Basic,1,1
38.0,3,3,4.0,1.0,0.0,17899.0,4,4.0,15.0,Self Enquiry,Small Business,Male,Divorced,Executive,Basic,0,0
33.0,1,4,4.0,3.0,1.0,21421.0,5,5.0,20.0,Company Invited,Salaried,Female,Married,Executive,Basic,0,1
29.0,1,2,5.0,2.0,0.0,17319.0,2,4.0,6.0,Self Enquiry,Salaried,Female,Divorced,Executive,Basic,1,0
34.0,1,3,3.0,2.0,1.0,30369.0,4,4.0,14.0,Self Enquiry,Small Business,Male,Married,Senior Manager,Standard,0,1
36.0,3,4,5.0,5.0,2.0,27644.0,3,4.0,24.0,Self Enquiry,Salaried,Male,Divorced,Manager,Deluxe,1,1
23.0,3,3,5.0,4.0,1.0,17322.0,3,3.0,8.0,Self Enquiry,Large Business,Male,Married,Executive,Basic,0,1
61.0,1,3,5.0,7.0,1.0,38244.0,5,4.0,14.0,Self Enquiry,Salaried,Female,Divorced,VP,King,0,0
55.0,3,2,3.0,1.0,0.0,28577.0,5,4.0,8.0,Company Invited,Salaried,Fe Male,Single,Executive,Basic,0,0
61.0,3,4,5.0,6.0,1.0,28944.0,2,5.0,35.0,Company Invited,Small Business,Female,Divorced,Senior Manager,Standard,0,1
28.0,3,4,4.0,2.0,2.0,25027.0,1,4.0,7.0,Company Invited,Small Business,Male,Married,Manager,Deluxe,1,0
36.0,1,3,4.0,2.0,1.0,21499.0,4,4.0,17.0,Company Invited,Salaried,Male,Unmarried,Manager,Deluxe,0,1
41.0,3,3,5.0,5.0,1.0,29610.0,5,6.0,35.0,Company Invited,Salaried,Male,Married,Senior Manager,Standard,0,1
33.0,1,4,3.0,2.0,3.0,23733.0,3,3.0,9.0,Self Enquiry,Small Business,Fe Male,Unmarried,Manager,Deluxe,0,1
40.0,1,2,3.0,3.0,1.0,17809.0,5,4.0,8.0,Self Enquiry,Salaried,Male,Single,Executive,Basic,0,0
31.0,1,3,3.0,6.0,2.0,20775.0,3,4.0,10.0,Company Invited,Salaried,Male,Divorced,Executive,Basic,0,0
39.0,1,4,5.0,3.0,2.0,32260.0,4,4.0,7.0,Self Enquiry,Large Business,Female,Married,Senior Manager,Standard,0,1
28.0,1,3,5.0,2.0,1.0,23722.0,1,4.0,30.0,Company Invited,Large Business,Male,Unmarried,Senior Manager,Standard,0,1
30.0,1,4,4.0,2.0,3.0,21858.0,5,4.0,9.0,Company Invited,Salaried,Female,Divorced,Executive,Basic,0,0
52.0,1,2,3.0,4.0,1.0,28826.0,5,4.0,31.0,Company Invited,Small Business,Female,Divorced,AVP,Super Deluxe,0,0
22.0,3,3,4.0,3.0,2.0,21394.0,5,3.0,19.0,Self Enquiry,Salaried,Female,Unmarried,Executive,Basic,0,0
27.0,3,2,4.0,2.0,1.0,21214.0,1,3.0,14.0,Self Enquiry,Small Business,Female,Married,Manager,Deluxe,0,0
45.0,1,4,3.0,3.0,1.0,21614.0,3,4.0,17.0,Self Enquiry,Salaried,Male,Unmarried,Executive,Basic,1,1
36.0,3,2,5.0,1.0,0.0,22094.0,5,4.0,16.0,Self Enquiry,Small Business,Male,Married,Senior Manager,Standard,0,0
43.0,1,2,5.0,1.0,0.0,24985.0,5,3.0,13.0,Self Enquiry,Salaried,Female,Divorced,Senior Manager,Standard,0,1
36.0,1,2,4.0,1.0,0.0,20410.0,3,3.0,8.0,Self Enquiry,Salaried,Female,Single,Manager,Deluxe,1,1
55.0,1,3,4.0,1.0,2.0,33722.0,2,2.0,20.0,Self Enquiry,Small Business,Male,Single,VP,King,0,0
56.0,1,3,3.0,2.0,0.0,17587.0,3,3.0,30.0,Self Enquiry,Salaried,Male,Single,Executive,Basic,0,0
42.0,3,2,3.0,2.0,0.0,19907.0,3,3.0,6.0,Self Enquiry,Salaried,Male,Divorced,Manager,Deluxe,0,1
34.0,3,3,5.0,6.0,2.0,21500.0,1,3.0,14.0,Self Enquiry,Salaried,Female,Married,Manager,Deluxe,0,1
51.0,1,3,3.0,4.0,0.0,17075.0,3,3.0,15.0,Self Enquiry,Salaried,Male,Married,Executive,Basic,0,1
40.0,3,3,3.0,6.0,1.0,24580.0,5,5.0,11.0,Self Enquiry,Salaried,Female,Divorced,Manager,Deluxe,0,1
53.0,1,3,3.0,2.0,1.0,22936.0,3,4.0,26.0,Company Invited,Small Business,Male,Divorced,Executive,Basic,0,1
50.0,1,4,5.0,3.0,3.0,25245.0,2,4.0,27.0,Self Enquiry,Small Business,Female,Divorced,Manager,Deluxe,0,1
28.0,1,3,4.0,1.0,0.0,17216.0,2,5.0,6.0,Self Enquiry,Salaried,Female,Single,Executive,Basic,1,1
38.0,3,4,3.0,6.0,3.0,25012.0,5,5.0,23.0,Self Enquiry,Small Business,Male,Married,Manager,Deluxe,0,1
49.0,1,3,5.0,2.0,0.0,21567.0,1,3.0,26.0,Self Enquiry,Small Business,Female,Married,Manager,Deluxe,0,1
30.0,2,3,5.0,3.0,1.0,26666.0,3,5.0,24.0,Self Enquiry,Salaried,Male,Unmarried,Senior Manager,Standard,0,0
32.0,1,3,4.0,1.0,0.0,18298.0,2,2.0,11.0,Self Enquiry,Salaried,Male,Married,Executive,Basic,1,1
31.0,1,3,3.0,5.0,1.0,22511.0,4,6.0,7.0,Self Enquiry,Salaried,Male,Divorced,Executive,Basic,0,1
36.0,1,3,3.0,3.0,1.0,22692.0,3,4.0,28.0,Self Enquiry,Salaried,Female,Married,Manager,Deluxe,1,0
18.0,3,3,4.0,2.0,2.0,16878.0,4,3.0,11.0,Company Invited,Small Business,Male,Single,Executive,Basic,1,1
42.0,1,2,5.0,1.0,1.0,17593.0,4,4.0,8.0,Self Enquiry,Small Business,Female,Married,Executive,Basic,1,1
25.0,3,4,3.0,3.0,1.0,22938.0,1,4.0,17.0,Self Enquiry,Small Business,Female,Married,Manager,Deluxe,1,0
38.0,3,3,3.0,3.0,0.0,20405.0,3,5.0,8.0,Self Enquiry,Small Business,Female,Married,Manager,Deluxe,1,0
29.0,1,3,3.0,3.0,2.0,20885.0,4,4.0,22.0,Self Enquiry,Salaried,Male,Married,Executive,Basic,0,1
29.0,1,4,5.0,3.0,2.0,23236.0,1,4.0,24.0,Self Enquiry,Small Business,Male,Married,Manager,Deluxe,0,0
29.0,1,2,5.0,2.0,1.0,24980.0,5,1.0,27.0,Self Enquiry,Salaried,Female,Married,Senior Manager,Standard,0,1
39.0,1,3,5.0,2.0,2.0,32068.0,3,3.0,16.0,Self Enquiry,Small Business,Male,Married,AVP,Super Deluxe,1,1
47.0,1,2,3.0,5.0,0.0,33300.0,1,3.0,11.0,Self Enquiry,Salaried,Male,Married,VP,King,0,1
61.0,3,3,5.0,2.0,1.0,24083.0,4,4.0,23.0,Self Enquiry,Small Business,Male,Unmarried,Manager,Deluxe,0,1
33.0,1,4,5.0,3.0,2.0,21117.0,1,4.0,9.0,Self Enquiry,Large Business,Male,Single,Executive,Basic,0,1
54.0,1,3,5.0,1.0,2.0,20485.0,3,3.0,25.0,Self Enquiry,Small Business,Female,Married,Manager,Deluxe,1,0
42.0,3,2,5.0,1.0,0.0,20155.0,5,3.0,10.0,Self Enquiry,Small Business,Male,Single,Manager,Deluxe,0,1
36.0,1,4,4.0,2.0,1.0,26773.0,3,4.0,12.0,Self Enquiry,Large Business,Male,Unmarried,Senior Manager,Standard,0,0
34.0,3,3,5.0,6.0,0.0,21500.0,2,3.0,14.0,Self Enquiry,Salaried,Female,Divorced,Manager,Deluxe,0,1
27.0,1,3,3.0,3.0,2.0,20971.0,2,6.0,32.0,Self Enquiry,Salaried,Male,Single,Executive,Basic,0,1
46.0,3,2,5.0,4.0,1.0,33947.0,1,3.0,8.0,Self Enquiry,Small Business,Female,Single,VP,King,0,1
25.0,1,3,3.0,3.0,2.0,23295.0,3,5.0,7.0,Self Enquiry,Salaried,Male,Unmarried,Manager,Deluxe,0,1
24.0,1,4,3.0,3.0,1.0,21325.0,5,4.0,19.0,Self Enquiry,Salaried,Male,Unmarried,Executive,Basic,0,1
46.0,3,3,4.0,6.0,2.0,22314.0,1,3.0,16.0,Self Enquiry,Salaried,Female,Married,Senior Manager,Standard,0,0
44.0,3,3,5.0,4.0,2.0,34190.0,1,4.0,15.0,Self Enquiry,Salaried,Male,Married,Executive,Basic,0,1
31.0,1,2,5.0,1.0,0.0,17321.0,3,4.0,15.0,Company Invited,Small Business,Male,Single,Executive,Basic,1,1
41.0,3,2,4.0,2.0,0.0,24355.0,3,3.0,10.0,Company Invited,Small Business,Male,Unmarried,Manager,Deluxe,0,1
27.0,2,3,3.0,2.0,2.0,21419.0,5,4.0,24.0,Company Invited,Salaried,Female,Married,Executive,Basic,1,0
44.0,3,3,5.0,6.0,1.0,20454.0,1,3.0,6.0,Self Enquiry,Small Business,Female,Married,Manager,Deluxe,1,1
33.0,3,4,3.0,4.0,1.0,23081.0,2,4.0,20.0,Self Enquiry,Salaried,Male,Married,Manager,Deluxe,0,0
37.0,1,2,3.0,5.0,1.0,22491.0,5,3.0,6.0,Self Enquiry,Large Business,Female,Unmarried,Senior Manager,Standard,0,1
23.0,3,2,3.0,2.0,0.0,17275.0,1,3.0,13.0,Self Enquiry,Salaried,Male,Married,Executive,Basic,1,1
40.0,1,3,3.0,2.0,1.0,23212.0,3,4.0,25.0,Self Enquiry,Salaried,Male,Unmarried,Manager,Deluxe,0,0
25.0,1,3,5.0,4.0,2.0,21850.0,3,4.0,16.0,Company Invited,Small Business,Male,Unmarried,Executive,Basic,1,0
37.0,1,3,5.0,2.0,0.0,18034.0,4,3.0,20.0,Self Enquiry,Salaried,Female,Married,Executive,Basic,0,1
57.0,1,2,3.0,4.0,1.0,24439.0,4,2.0,30.0,Self Enquiry,Salaried,Male,Married,Senior Manager,Standard,1,1
34.0,1,2,4.0,2.0,0.0,23621.0,1,4.0,15.0,Self Enquiry,Small Business,Fe Male,Unmarried,Senior Manager,Standard,0,1
19.0,1,2,3.0,2.0,0.0,17994.0,5,1.0,31.0,Self Enquiry,Salaried,Female,Single,Executive,Basic,1,1
43.0,3,3,3.0,2.0,2.0,20675.0,3,3.0,8.0,Company Invited,Salaried,Male,Married,Manager,Deluxe,0,1
25.0,3,4,4.0,3.0,1.0,20711.0,1,4.0,20.0,Company Invited,Salaried,Female,Divorced,Executive,Basic,0,0
26.0,1,4,3.0,3.0,2.0,23884.0,1,2.0,9.0,Company Invited,Salaried,Male,Married,Manager,Deluxe,0,0
28.0,1,3,4.0,1.0,0.0,22655.0,4,3.0,9.0,Self Enquiry,Small Business,Female,Married,Senior Manager,Standard,0,0
25.0,1,3,3.0,3.0,2.0,21403.0,4,3.0,30.0,Self Enquiry,Small Business,Male,Divorced,Executive,Basic,1,0
52.0,1,4,3.0,3.0,1.0,21401.0,4,4.0,7.0,Self Enquiry,Salaried,Male,Married,Executive,Basic,0,1
35.0,1,3,3.0,4.0,2.0,23082.0,3,2.0,15.0,Self Enquiry,Small Business,Male,Married,Manager,Deluxe,0,0
22.0,1,4,3.0,3.0,2.0,21371.0,3,4.0,25.0,Self Enquiry,Salaried,Female,Unmarried,Executive,Basic,0,1
40.0,1,3,4.0,6.0,2.0,27054.0,3,4.0,13.0,Self Enquiry,Salaried,Fe Male,Unmarried,Senior Manager,Standard,0,0
43.0,1,3,3.0,7.0,2.0,21193.0,2,4.0,9.0,Company Invited,Small Business,Male,Single,Executive,Basic,1,0
30.0,1,4,3.0,2.0,1.0,20846.0,5,6.0,22.0,Self Enquiry,Salaried,Female,Divorced,Executive,Basic,1,1
47.0,1,2,3.0,4.0,0.0,32169.0,5,3.0,8.0,Self Enquiry,Small Business,Female,Divorced,AVP,Super Deluxe,0,1
50.0,3,3,3.0,3.0,2.0,26332.0,4,4.0,18.0,Self Enquiry,Small Business,Female,Divorced,Senior Manager,Standard,0,0
32.0,3,3,3.0,3.0,1.0,28530.0,1,4.0,9.0,Company Invited,Salaried,Female,Married,Senior Manager,Standard,1,1
34.0,3,3,3.0,2.0,2.0,25782.0,2,4.0,15.0,Self Enquiry,Small Business,Male,Married,Manager,Deluxe,0,1
41.0,1,3,3.0,8.0,2.0,23772.0,5,5.0,23.0,Company Invited,Small Business,Male,Unmarried,Manager,Deluxe,0,1
30.0,3,2,3.0,2.0,0.0,16081.0,5,3.0,15.0,Self Enquiry,Small Business,Male,Single,Executive,Basic,0,0
51.0,3,3,3.0,5.0,2.0,35558.0,3,4.0,19.0,Company Invited,Salaried,Male,Single,Manager,Deluxe,1,1
28.0,3,2,3.0,4.0,1.0,24854.0,5,3.0,19.0,Self Enquiry,Small Business,Fe Male,Unmarried,Manager,Deluxe,1,1
43.0,3,3,4.0,2.0,1.0,25503.0,3,4.0,15.0,Self Enquiry,Small Business,Male,Married,Manager,Deluxe,0,1
30.0,1,4,3.0,6.0,1.0,21192.0,5,4.0,35.0,Self Enquiry,Salaried,Female,Married,Executive,Basic,0,1
33.0,1,4,3.0,3.0,1.0,24840.0,4,5.0,11.0,Self Enquiry,Salaried,Female,Divorced,Manager,Deluxe,0,1
54.0,3,4,3.0,2.0,2.0,29612.0,1,5.0,14.0,Self Enquiry,Small Business,Female,Married,Senior Manager,Standard,1,0
32.0,3,2,4.0,2.0,1.0,21524.0,3,3.0,11.0,Company Invited,Salaried,Male,Married,Manager,Deluxe,0,1
39.0,3,4,3.0,3.0,3.0,24021.0,4,4.0,17.0,Self Enquiry,Salaried,Female,Married,Manager,Deluxe,0,0
37.0,3,3,5.0,2.0,1.0,25772.0,5,5.0,17.0,Self Enquiry,Small Business,Male,Married,Senior Manager,Standard,0,0
24.0,1,3,3.0,3.0,2.0,21582.0,2,4.0,33.0,Self Enquiry,Salaried,Male,Married,Executive,Basic,0,1
36.0,3,3,3.0,3.0,1.0,23646.0,5,4.0,18.0,Company Invited,Small Business,Male,Married,Manager,Deluxe,0,0
36.0,1,3,3.0,7.0,0.0,20347.0,3,3.0,32.0,Self Enquiry,Salaried,Male,Married,Manager,Deluxe,0,1
33.0,3,2,5.0,3.0,0.0,20376.0,3,2.0,6.0,Company Invited,Salaried,Female,Divorced,Manager,Deluxe,0,1
36.0,3,3,3.0,2.0,1.0,23395.0,3,4.0,7.0,Self Enquiry,Small Business,Male,Divorced,Manager,Deluxe,0,1
59.0,1,3,3.0,4.0,0.0,17177.0,3,4.0,9.0,Self Enquiry,Salaried,Male,Married,Executive,Basic,0,0
51.0,3,3,5.0,6.0,1.0,29532.0,5,5.0,35.0,Self Enquiry,Small Business,Male,Married,Senior Manager,Standard,1,0
60.0,3,3,5.0,2.0,1.0,26315.0,3,4.0,32.0,Self Enquiry,Salaried,Fe Male,Unmarried,Senior Manager,Standard,0,1
43.0,1,3,3.0,2.0,1.0,23201.0,3,5.0,35.0,Company Invited,Large Business,Female,Divorced,Manager,Deluxe,0,0
44.0,1,4,3.0,2.0,3.0,20936.0,4,4.0,28.0,Company Invited,Small Business,Male,Divorced,Executive,Basic,0,0
45.0,3,3,3.0,5.0,2.0,31998.0,2,2.0,35.0,Self Enquiry,Small Business,Female,Divorced,AVP,Super Deluxe,1,1
29.0,1,4,5.0,3.0,1.0,23236.0,2,4.0,24.0,Self Enquiry,Small Business,Male,Married,Manager,Deluxe,0,0
25.0,1,3,3.0,3.0,1.0,21564.0,4,4.0,14.0,Company Invited,Salaried,Female,Married,Executive,Basic,1,0
25.0,1,3,3.0,3.0,2.0,23055.0,3,5.0,24.0,Self Enquiry,Small Business,Female,Married,Manager,Deluxe,0,1
42.0,1,3,3.0,2.0,1.0,33430.0,5,3.0,14.0,Company Invited,Salaried,Male,Married,VP,King,0,1
41.0,1,3,5.0,2.0,1.0,17289.0,5,3.0,15.0,Self Enquiry,Salaried,Male,Married,Executive,Basic,0,1
47.0,3,3,3.0,8.0,2.0,22101.0,1,6.0,22.0,Self Enquiry,Small Business,Male,Married,Manager,Deluxe,1,0
53.0,1,2,4.0,5.0,0.0,31598.0,1,1.0,8.0,Self Enquiry,Small Business,Male,Single,AVP,Super Deluxe,0,1
35.0,3,3,4.0,1.0,1.0,23020.0,1,3.0,22.0,Self Enquiry,Small Business,Male,Married,Senior Manager,Standard,0,1
55.0,1,3,3.0,3.0,1.0,31659.0,5,3.0,8.0,Self Enquiry,Salaried,Female,Single,AVP,Super Deluxe,1,0
30.0,1,3,3.0,2.0,2.0,22871.0,1,5.0,22.0,Self Enquiry,Salaried,Female,Unmarried,Manager,Deluxe,1,1
30.0,1,2,3.0,3.0,1.0,21091.0,2,5.0,8.0,Self Enquiry,Salaried,Female,Single,Manager,Deluxe,0,0
47.0,1,3,3.0,5.0,0.0,17105.0,3,3.0,15.0,Self Enquiry,Salaried,Female,Single,Executive,Basic,0,1
29.0,1,3,3.0,1.0,0.0,17168.0,5,5.0,21.0,Self Enquiry,Salaried,Female,Divorced,Executive,Basic,1,1
28.0,1,3,3.0,6.0,1.0,17377.0,3,3.0,15.0,Self Enquiry,Small Business,Female,Married,Executive,Basic,0,1
26.0,1,2,5.0,1.0,1.0,17875.0,4,4.0,13.0,Self Enquiry,Small Business,Female,Married,Senior Manager,Standard,1,1
59.0,3,2,3.0,1.0,0.0,20473.0,5,4.0,6.0,Company Invited,Salaried,Female,Single,Manager,Deluxe,0,1
34.0,1,2,3.0,4.0,0.0,17979.0,1,4.0,9.0,Company Invited,Salaried,Male,Married,Executive,Basic,0,0
54.0,3,3,4.0,4.0,2.0,26203.0,2,5.0,9.0,Company Invited,Small Business,Female,Divorced,Senior Manager,Standard,0,0
44.0,2,2,3.0,5.0,1.0,20985.0,5,4.0,6.0,Self Enquiry,Salaried,Female,Single,Manager,Deluxe,0,1
45.0,1,4,3.0,3.0,1.0,20689.0,4,2.0,9.0,Self Enquiry,Salaried,Female,Divorced,Executive,Basic,0,1
47.0,1,4,5.0,2.0,1.0,28074.0,2,4.0,7.0,Self Enquiry,Small Business,Male,Married,Senior Manager,Standard,0,0
45.0,1,4,3.0,4.0,2.0,20968.0,4,6.0,24.0,Company Invited,Salaried,Male,Single,Executive,Basic,0,1
32.0,1,3,5.0,3.0,1.0,21743.0,1,4.0,10.0,Company Invited,Small Business,Male,Married,Executive,Basic,1,0
59.0,1,3,3.0,4.0,1.0,34465.0,1,4.0,22.0,Company Invited,Salaried,Male,Married,AVP,Super Deluxe,1,1
55.0,1,3,4.0,1.0,1.0,33722.0,1,1.0,20.0,Self Enquiry,Small Business,Male,Single,VP,King,0,1
34.0,1,3,4.0,3.0,1.0,24166.0,3,2.0,7.0,Company Invited,Salaried,Female,Married,Manager,Deluxe,1,1
34.0,1,3,3.0,3.0,2.0,24646.0,5,4.0,14.0,Company Invited,Salaried,Male,Married,Manager,Deluxe,0,1
35.0,1,2,3.0,4.0,1.0,17506.0,3,1.0,6.0,Self Enquiry,Salaried,Female,Single,Executive,Basic,0,1
44.0,1,3,5.0,1.0,2.0,33213.0,3,3.0,29.0,Self Enquiry,Small Business,Male,Single,Executive,Basic,0,0
30.0,1,4,3.0,3.0,2.0,23734.0,3,5.0,15.0,Self Enquiry,Small Business,Male,Married,Manager,Deluxe,1,1
38.0,3,3,3.0,2.0,2.0,20343.0,4,3.0,16.0,Self Enquiry,Salaried,Female,Married,Manager,Deluxe,0,0
33.0,1,3,3.0,2.0,2.0,28357.0,1,5.0,12.0,Self Enquiry,Salaried,Male,Unmarried,Manager,Deluxe,0,0
29.0,2,2,5.0,2.0,0.0,22988.0,3,4.0,23.0,Self Enquiry,Salaried,Male,Unmarried,Senior Manager,Standard,0,0
33.0,1,3,3.0,5.0,0.0,31184.0,1,1.0,6.0,Self Enquiry,Small Business,Female,Married,AVP,Super Deluxe,0,1
44.0,1,3,3.0,2.0,0.0,17011.0,4,1.0,8.0,Self Enquiry,Salaried,Female,Divorced,Executive,Basic,0,1
46.0,3,4,5.0,6.0,1.0,29439.0,2,4.0,16.0,Self Enquiry,Small Business,Male,Married,Senior Manager,Standard,1,1
21.0,3,3,3.0,1.0,1.0,17625.0,5,3.0,24.0,Company Invited,Small Business,Female,Married,Manager,Deluxe,1,0
29.0,1,3,3.0,5.0,2.0,22338.0,4,4.0,17.0,Self Enquiry,Salaried,Female,Unmarried,Manager,Deluxe,0,1
60.0,3,2,3.0,1.0,0.0,20220.0,5,1.0,13.0,Self Enquiry,Small Business,Male,Married,Manager,Deluxe,1,0
29.0,3,3,3.0,2.0,0.0,17642.0,4,3.0,16.0,Self Enquiry,Salaried,Male,Single,Executive,Basic,0,1
38.0,3,2,3.0,1.0,1.0,21861.0,3,3.0,9.0,Self Enquiry,Salaried,Male,Unmarried,Manager,Deluxe,1,1
35.0,3,3,5.0,2.0,0.0,24069.0,4,3.0,24.0,Company Invited,Salaried,Male,Divorced,Senior Manager,Standard,0,1
25.0,1,3,4.0,2.0,2.0,22275.0,5,4.0,31.0,Self Enquiry,Small Business,Male,Unmarried,Executive,Basic,0,0
34.0,3,3,3.0,2.0,2.0,27058.0,4,2.0,17.0,Self Enquiry,Small Business,Male,Married,Senior Manager,Standard,1,1
40.0,1,4,3.0,3.0,2.0,23231.0,1,5.0,9.0,Self Enquiry,Large Business,Female,Unmarried,Manager,Deluxe,0,1
35.0,1,3,5.0,3.0,1.0,24884.0,5,4.0,17.0,Company Invited,Small Business,Male,Divorced,Senior Manager,Standard,1,1
39.0,1,2,5.0,2.0,0.0,25880.0,5,3.0,28.0,Company Invited,Small Business,Fe Male,Unmarried,Senior Manager,Standard,1,1
37.0,1,1,3.0,5.0,0.0,28664.0,1,3.0,13.0,Self Enquiry,Small Business,Male,Single,Senior Manager,Standard,0,0
30.0,1,3,3.0,2.0,2.0,17632.0,1,3.0,24.0,Self Enquiry,Salaried,Female,Single,Executive,Basic,0,1
36.0,1,4,5.0,3.0,2.0,20752.0,1,4.0,9.0,Self Enquiry,Salaried,Female,Married,Executive,Basic,1,1
44.0,1,4,3.0,3.0,2.0,22759.0,4,5.0,13.0,Self Enquiry,Small Business,Female,Unmarried,Manager,Deluxe,1,1
27.0,1,2,3.0,2.0,0.0,27808.0,3,4.0,11.0,Self Enquiry,Large Business,Male,Married,Senior Manager,Standard,1,0
32.0,2,3,3.0,3.0,2.0,28530.0,1,6.0,29.0,Self Enquiry,Salaried,Male,Married,Executive,Basic,0,0
30.0,1,3,3.0,2.0,1.0,17083.0,3,3.0,9.0,Company Invited,Small Business,Female,Married,Executive,Basic,0,1
38.0,1,2,4.0,4.0,0.0,27061.0,3,4.0,31.0,Self Enquiry,Salaried,Female,Divorced,Senior Manager,Standard,0,1
36.0,1,4,5.0,4.0,1.0,23771.0,4,4.0,9.0,Company Invited,Salaried,Female,Married,Manager,Deluxe,0,0
32.0,3,4,3.0,6.0,3.0,24850.0,3,6.0,13.0,Self Enquiry,Salaried,Male,Married,Manager,Deluxe,1,0
40.0,1,3,4.0,2.0,1.0,28503.0,1,4.0,6.0,Company Invited,Salaried,Male,Married,AVP,Super Deluxe,0,1
46.0,3,3,4.0,4.0,0.0,31872.0,5,5.0,8.0,Self Enquiry,Large Business,Female,Married,AVP,Super Deluxe,1,1
29.0,1,2,3.0,2.0,0.0,18131.0,3,3.0,12.0,Self Enquiry,Small Business,Female,Divorced,Executive,Basic,0,0
48.0,3,4,3.0,6.0,3.0,25075.0,4,2.0,34.0,Company Invited,Salaried,Fe Male,Unmarried,Manager,Deluxe,1,1
32.0,1,3,3.0,2.0,2.0,21322.0,5,3.0,15.0,Self Enquiry,Salaried,Female,Married,Manager,Deluxe,1,1
36.0,1,4,4.0,3.0,2.0,24041.0,3,4.0,14.0,Self Enquiry,Salaried,Male,Unmarried,Executive,Basic,1,1
30.0,3,4,3.0,3.0,2.0,23327.0,2,4.0,9.0,Company Invited,Salaried,Male,Divorced,Manager,Deluxe,0,1
35.0,1,4,3.0,4.0,3.0,22711.0,4,4.0,9.0,Company Invited,Salaried,Male,Unmarried,Manager,Deluxe,0,1
54.0,1,3,3.0,4.0,2.0,21128.0,5,4.0,13.0,Self Enquiry,Salaried,Male,Single,Manager,Deluxe,0,1
35.0,3,4,3.0,2.0,1.0,23982.0,1,2.0,26.0,Company Invited,Small Business,Male,Unmarried,Manager,Deluxe,1,0
41.0,1,3,4.0,2.0,1.0,22295.0,4,4.0,16.0,Company Invited,Small Business,Male,Married,Executive,Basic,1,0
25.0,1,3,3.0,2.0,1.0,21452.0,4,4.0,25.0,Self Enquiry,Salaried,Male,Married,Executive,Basic,0,0
37.0,1,4,4.0,2.0,2.0,23809.0,3,4.0,11.0,Company Invited,Salaried,Female,Married,Manager,Deluxe,0,1
30.0,3,3,5.0,2.0,1.0,24714.0,4,4.0,6.0,Self Enquiry,Salaried,Male,Married,Manager,Deluxe,0,1
32.0,3,3,3.0,4.0,1.0,25261.0,1,4.0,17.0,Self Enquiry,Small Business,Female,Married,Manager,Deluxe,1,0
34.0,3,3,3.0,3.0,1.0,21529.0,2,4.0,12.0,Self Enquiry,Small Business,Female,Unmarried,Executive,Basic,1,1
20.0,1,2,5.0,2.0,1.0,17973.0,3,3.0,10.0,Self Enquiry,Large Business,Male,Single,Executive,Basic,0,1
37.0,1,4,5.0,8.0,3.0,25520.0,1,2.0,10.0,Self Enquiry,Salaried,Male,Married,Manager,Deluxe,0,1
30.0,3,2,5.0,6.0,1.0,21696.0,1,4.0,32.0,Company Invited,Small Business,Female,Unmarried,Manager,Deluxe,0,1
34.0,1,2,3.0,5.0,1.0,26403.0,5,4.0,13.0,Company Invited,Salaried,Male,Married,Manager,Deluxe,0,1
33.0,1,3,5.0,6.0,2.0,20854.0,4,5.0,9.0,Self Enquiry,Large Business,Male,Single,Manager,Deluxe,0,0
38.0,1,3,3.0,3.0,2.0,30863.0,3,4.0,18.0,Company Invited,Salaried,Male,Married,Senior Manager,Standard,1,1
35.0,3,4,3.0,4.0,3.0,28391.0,4,4.0,11.0,Self Enquiry,Salaried,Male,Married,Senior Manager,Standard,1,0
29.0,1,3,5.0,2.0,1.0,23886.0,4,6.0,34.0,Self Enquiry,Small Business,Female,Married,Manager,Deluxe,0,1
41.0,1,3,3.0,5.0,2.0,20891.0,3,3.0,17.0,Self Enquiry,Salaried,Female,Divorced,Executive,Basic,1,0
59.0,2,2,3.0,1.0,1.0,33844.0,1,4.0,8.0,Company Invited,Salaried,Female,Married,VP,King,0,0
56.0,3,3,3.0,2.0,1.0,32255.0,5,5.0,9.0,Company Invited,Salaried,Female,Single,Executive,Basic,0,0
28.0,1,3,3.0,3.0,1.0,20384.0,2,4.0,10.0,Company Invited,Small Business,Male,Divorced,Executive,Basic,0,1
28.0,1,3,4.0,2.0,1.0,22146.0,5,4.0,9.0,Self Enquiry,Small Business,Male,Divorced,Executive,Basic,0,1
27.0,3,2,3.0,1.0,1.0,21500.0,1,1.0,8.0,Self Enquiry,Small Business,Female,Unmarried,Manager,Deluxe,0,0
50.0,2,3,4.0,2.0,2.0,33200.0,1,3.0,9.0,Company Invited,Small Business,Male,Married,VP,King,0,1
38.0,1,2,3.0,5.0,1.0,22861.0,1,3.0,6.0,Self Enquiry,Salaried,Female,Unmarried,Senior Manager,Standard,1,0
34.0,1,2,5.0,3.0,0.0,26631.0,2,4.0,11.0,Self Enquiry,Small Business,Fe Male,Unmarried,Senior Manager,Standard,0,0
42.0,1,2,3.0,2.0,0.0,34232.0,1,3.0,10.0,Self Enquiry,Large Business,Male,Married,VP,King,0,0
31.0,1,4,3.0,2.0,1.0,22439.0,5,5.0,12.0,Company Invited,Salaried,Male,Married,Executive,Basic,0,0
37.0,2,3,4.0,6.0,1.0,20821.0,3,4.0,20.0,Self Enquiry,Salaried,Male,Divorced,Executive,Basic,0,1
46.0,3,2,5.0,4.0,1.0,33947.0,2,3.0,8.0,Self Enquiry,Small Business,Female,Single,VP,King,0,0
41.0,3,2,4.0,2.0,0.0,24355.0,3,3.0,10.0,Company Invited,Small Business,Male,Unmarried,Manager,Deluxe,0,1
56.0,1,3,4.0,3.0,2.0,32255.0,3,5.0,15.0,Company Invited,Small Business,Male,Married,AVP,Super Deluxe,1,1
27.0,1,3,3.0,2.0,1.0,22582.0,3,5.0,9.0,Self Enquiry,Small Business,Male,Unmarried,Executive,Basic,0,0
44.0,1,3,3.0,2.0,2.0,17936.0,3,3.0,16.0,Self Enquiry,Salaried,Male,Single,Executive,Basic,1,1
29.0,1,4,3.0,3.0,2.0,20241.0,4,5.0,7.0,Self Enquiry,Salaried,Male,Married,Executive,Basic,0,0
29.0,1,2,3.0,1.0,0.0,17058.0,2,3.0,6.0,Self Enquiry,Large Business,Male,Single,Executive,Basic,0,0
32.0,1,3,4.0,7.0,2.0,17332.0,3,4.0,6.0,Company Invited,Salaried,Female,Married,Executive,Basic,0,0
35.0,1,4,3.0,3.0,3.0,21231.0,5,5.0,23.0,Company Invited,Salaried,Female,Single,Executive,Basic,0,1
33.0,1,2,5.0,7.0,1.0,18143.0,3,1.0,14.0,Self Enquiry,Salaried,Male,Married,Executive,Basic,0,1
33.0,3,4,3.0,2.0,3.0,23143.0,4,4.0,33.0,Company Invited,Small Business,Male,Divorced,Manager,Deluxe,0,1
43.0,1,2,5.0,1.0,0.0,25820.0,4,3.0,33.0,Company Invited,Salaried,Female,Married,Senior Manager,Standard,0,1
44.0,2,4,3.0,2.0,1.0,22217.0,1,4.0,9.0,Self Enquiry,Salaried,Male,Unmarried,Executive,Basic,0,0
29.0,1,4,3.0,7.0,2.0,21055.0,3,4.0,16.0,Self Enquiry,Small Business,Female,Married,Executive,Basic,0,1
21.0,1,3,5.0,3.0,1.0,21651.0,3,4.0,11.0,Self Enquiry,Large Business,Male,Unmarried,Executive,Basic,0,1
38.0,3,4,3.0,6.0,3.0,28280.0,3,4.0,9.0,Self Enquiry,Small Business,Male,Married,Manager,Deluxe,1,0
39.0,3,2,3.0,1.0,1.0,22880.0,2,1.0,8.0,Self Enquiry,Salaried,Male,Unmarried,Senior Manager,Standard,0,1
34.0,3,3,3.0,2.0,0.0,20714.0,1,3.0,15.0,Self Enquiry,Salaried,Female,Married,Manager,Deluxe,0,0
37.0,1,3,4.0,2.0,1.0,23906.0,5,4.0,7.0,Self Enquiry,Salaried,Female,Divorced,Manager,Deluxe,0,0
51.0,1,2,3.0,1.0,0.0,34537.0,5,3.0,12.0,Self Enquiry,Salaried,Male,Single,VP,King,0,1
35.0,1,2,3.0,2.0,0.0,21646.0,5,5.0,12.0,Self Enquiry,Salaried,Male,Unmarried,Manager,Deluxe,0,1
37.0,1,3,3.0,7.0,2.0,21513.0,1,4.0,10.0,Self Enquiry,Salaried,Female,Married,Executive,Basic,0,0
47.0,1,2,3.0,2.0,0.0,31752.0,4,3.0,8.0,Self Enquiry,Salaried,Female,Married,AVP,Super Deluxe,1,1
29.0,1,3,3.0,2.0,0.0,20056.0,3,4.0,14.0,Self Enquiry,Small Business,Male,Divorced,Manager,Deluxe,1,0
56.0,1,2,5.0,3.0,1.0,17066.0,5,3.0,6.0,Self Enquiry,Salaried,Female,Divorced,Executive,Basic,0,1
40.0,1,2,4.0,2.0,0.0,20605.0,2,3.0,32.0,Company Invited,Small Business,Female,Married,Manager,Deluxe,0,1
42.0,1,4,3.0,4.0,1.0,25489.0,1,5.0,9.0,Company Invited,Salaried,Fe Male,Unmarried,Manager,Deluxe,1,0
45.0,3,2,3.0,7.0,0.0,33824.0,3,1.0,19.0,Self Enquiry,Small Business,Male,Single,AVP,Super Deluxe,1,1
45.0,1,3,3.0,1.0,0.0,31792.0,4,4.0,8.0,Company Invited,Small Business,Male,Divorced,AVP,Super Deluxe,0,1
41.0,3,2,4.0,2.0,1.0,31015.0,3,3.0,8.0,Self Enquiry,Salaried,Male,Single,AVP,Super Deluxe,0,1
51.0,3,3,3.0,3.0,1.0,31307.0,3,3.0,32.0,Self Enquiry,Small Business,Female,Divorced,AVP,Super Deluxe,0,0
32.0,1,4,5.0,3.0,2.0,20896.0,4,5.0,7.0,Self Enquiry,Salaried,Male,Married,Executive,Basic,0,1
28.0,3,3,3.0,2.0,0.0,20253.0,3,3.0,15.0,Self Enquiry,Salaried,Male,Single,Manager,Deluxe,0,1
32.0,1,3,3.0,2.0,2.0,23499.0,4,4.0,12.0,Self Enquiry,Large Business,Male,Divorced,Executive,Basic,1,0
43.0,1,4,3.0,4.0,1.0,23909.0,5,2.0,10.0,Self Enquiry,Salaried,Female,Divorced,Manager,Deluxe,1,0
38.0,1,4,3.0,8.0,1.0,20768.0,3,5.0,9.0,Self Enquiry,Free Lancer,Male,Single,Executive,Basic,1,0
46.0,3,3,3.0,5.0,1.0,20772.0,5,3.0,11.0,Company Invited,Small Business,Male,Single,Manager,Deluxe,1,1
44.0,3,4,3.0,7.0,2.0,29476.0,4,5.0,32.0,Self Enquiry,Small Business,Male,Married,Senior Manager,Standard,0,1
41.0,3,4,3.0,4.0,2.0,25058.0,3,5.0,29.0,Self Enquiry,Small Business,Male,Divorced,Manager,Deluxe,1,1
40.0,1,3,3.0,2.0,1.0,25435.0,1,4.0,21.0,Self Enquiry,Salaried,Female,Married,Senior Manager,Standard,0,1
42.0,3,3,4.0,6.0,2.0,28525.0,3,3.0,32.0,Company Invited,Small Business,Female,Divorced,AVP,Super Deluxe,0,1
40.0,2,3,4.0,2.0,1.0,25067.0,1,2.0,10.0,Self Enquiry,Salaried,Female,Married,Manager,Deluxe,0,0
27.0,1,2,3.0,2.0,0.0,17394.0,5,3.0,23.0,Self Enquiry,Salaried,Female,Single,Executive,Basic,1,1
48.0,3,2,4.0,1.0,0.0,22898.0,1,4.0,8.0,Self Enquiry,Small Business,Male,Unmarried,Manager,Deluxe,1,1
39.0,1,3,5.0,3.0,2.0,20377.0,5,3.0,16.0,Self Enquiry,Small Business,Male,Married,Manager,Deluxe,0,1
36.0,1,3,3.0,2.0,2.0,22908.0,4,6.0,29.0,Self Enquiry,Salaried,Male,Unmarried,Executive,Basic,0,1
51.0,3,3,3.0,3.0,1.0,21361.0,4,5.0,10.0,Self Enquiry,Small Business,Male,Divorced,Executive,Basic,1,0
48.0,3,3,3.0,2.0,2.0,32448.0,5,4.0,10.0,Company Invited,Small Business,Female,Married,AVP,Super Deluxe,1,1
35.0,3,3,5.0,4.0,1.0,23966.0,3,3.0,23.0,Self Enquiry,Salaried,Male,Divorced,Manager,Deluxe,1,1
31.0,1,3,5.0,2.0,1.0,28635.0,4,4.0,27.0,Self Enquiry,Salaried,Male,Divorced,Manager,Deluxe,0,1
26.0,1,2,3.0,2.0,1.0,17366.0,1,4.0,11.0,Company Invited,Small Business,Female,Married,Executive,Basic,1,0
54.0,1,3,5.0,1.0,0.0,20485.0,3,3.0,25.0,Self Enquiry,Small Business,Female,Married,Manager,Deluxe,1,0
39.0,1,4,3.0,8.0,1.0,21735.0,4,4.0,9.0,Self Enquiry,Small Business,Male,Divorced,Executive,Basic,1,0
44.0,1,2,3.0,3.0,1.0,21465.0,3,3.0,16.0,Self Enquiry,Salaried,Male,Married,Manager,Deluxe,1,0
48.0,1,2,3.0,3.0,1.0,30202.0,5,4.0,10.0,Company Invited,Small Business,Male,Married,AVP,Super Deluxe,0,1
43.0,1,2,5.0,1.0,0.0,24985.0,5,3.0,13.0,Self Enquiry,Salaried,Female,Married,Senior Manager,Standard,0,1
34.0,3,2,3.0,2.0,0.0,21274.0,5,3.0,8.0,Self Enquiry,Salaried,Male,Single,Manager,Deluxe,0,0
27.0,3,3,3.0,7.0,1.0,22984.0,5,4.0,36.0,Self Enquiry,Small Business,Male,Married,Manager,Deluxe,0,0
32.0,3,3,3.0,3.0,1.0,25610.0,2,4.0,27.0,Company Invited,Small Business,Female,Divorced,Manager,Deluxe,0,1
31.0,3,3,4.0,5.0,2.0,27928.0,4,4.0,36.0,Self Enquiry,Large Business,Male,Married,Senior Manager,Standard,0,0
36.0,1,3,4.0,1.0,2.0,20914.0,2,3.0,11.0,Self Enquiry,Salaried,Male,Single,Manager,Deluxe,0,0
55.0,3,3,5.0,4.0,2.0,24618.0,4,4.0,10.0,Self Enquiry,Small Business,Female,Divorced,Manager,Deluxe,0,1
51.0,1,2,4.0,6.0,1.0,20482.0,1,5.0,8.0,Self Enquiry,Small Business,Male,Married,Manager,Deluxe,0,0
41.0,1,3,3.0,3.0,2.0,38304.0,3,5.0,21.0,Self Enquiry,Small Business,Male,Single,VP,King,0,1
59.0,3,2,5.0,1.0,0.0,22637.0,3,3.0,31.0,Self Enquiry,Salaried,Female,Unmarried,Senior Manager,Standard,0,1
24.0,1,2,5.0,3.0,1.0,18172.0,3,3.0,15.0,Company Invited,Small Business,Male,Single,Executive,Basic,1,0
46.0,3,3,5.0,1.0,1.0,32048.0,1,3.0,8.0,Self Enquiry,Small Business,Female,Married,AVP,Super Deluxe,0,1
51.0,3,3,3.0,1.0,1.0,20441.0,5,3.0,27.0,Self Enquiry,Small Business,Male,Single,Manager,Deluxe,1,1
47.0,1,3,4.0,1.0,0.0,26957.0,5,3.0,6.0,Company Invited,Small Business,Female,Married,Senior Manager,Standard,0,0
44.0,3,3,3.0,2.0,2.0,24024.0,2,6.0,16.0,Self Enquiry,Small Business,Fe Male,Unmarried,Manager,Deluxe,0,1
36.0,1,4,3.0,3.0,3.0,29363.0,4,5.0,16.0,Self Enquiry,Salaried,Female,Married,Senior Manager,Standard,1,1
41.0,1,4,3.0,3.0,3.0,23339.0,3,4.0,9.0,Self Enquiry,Salaried,Male,Unmarried,Manager,Deluxe,0,1
56.0,1,3,3.0,1.0,2.0,17339.0,4,3.0,13.0,Self Enquiry,Large Business,Male,Married,Executive,Basic,0,1
38.0,1,3,3.0,2.0,1.0,22178.0,5,2.0,12.0,Company Invited,Large Business,Male,Unmarried,Executive,Basic,0,1
35.0,3,2,5.0,1.0,1.0,25306.0,5,4.0,16.0,Self Enquiry,Small Business,Male,Married,Senior Manager,Standard,0,1
29.0,1,3,3.0,2.0,2.0,26935.0,1,4.0,9.0,Self Enquiry,Small Business,Male,Married,Senior Manager,Standard,0,0
44.0,1,3,5.0,2.0,1.0,28663.0,5,4.0,14.0,Self Enquiry,Salaried,Female,Married,Senior Manager,Standard,0,1
44.0,1,4,3.0,5.0,1.0,24357.0,3,4.0,16.0,Company Invited,Small Business,Male,Married,Manager,Deluxe,1,1
38.0,1,2,3.0,1.0,0.0,24526.0,3,4.0,29.0,Company Invited,Salaried,Male,Unmarried,Senior Manager,Standard,0,1
25.0,1,3,3.0,3.0,1.0,23055.0,3,5.0,24.0,Self Enquiry,Small Business,Female,Married,Manager,Deluxe,0,0
42.0,1,2,3.0,3.0,0.0,20265.0,2,3.0,27.0,Company Invited,Small Business,Female,Married,Manager,Deluxe,0,0
39.0,3,2,3.0,5.0,1.0,20902.0,5,4.0,10.0,Self Enquiry,Salaried,Female,Married,Manager,Deluxe,0,1
26.0,1,3,3.0,6.0,2.0,21907.0,5,4.0,7.0,Self Enquiry,Large Business,Male,Divorced,Executive,Basic,0,1
30.0,3,3,5.0,2.0,2.0,17033.0,5,4.0,18.0,Company Invited,Salaried,Male,Married,Executive,Basic,0,1
36.0,1,2,3.0,2.0,1.0,25096.0,4,3.0,14.0,Self Enquiry,Large Business,Female,Married,Senior Manager,Standard,0,1
35.0,1,3,4.0,1.0,2.0,26996.0,5,1.0,28.0,Self Enquiry,Salaried,Female,Married,Senior Manager,Standard,0,1
28.0,1,3,3.0,2.0,1.0,17070.0,2,3.0,15.0,Self Enquiry,Small Business,Male,Divorced,Executive,Basic,0,1
26.0,3,3,3.0,3.0,1.0,24422.0,3,5.0,12.0,Self Enquiry,Small Business,Male,Unmarried,Manager,Deluxe,1,1
30.0,1,2,3.0,2.0,1.0,17206.0,4,4.0,15.0,Self Enquiry,Small Business,Male,Single,Executive,Basic,0,1
36.0,3,2,3.0,2.0,0.0,25325.0,1,4.0,9.0,Self Enquiry,Salaried,Male,Married,Senior Manager,Standard,1,1
30.0,1,4,3.0,3.0,3.0,21117.0,3,5.0,31.0,Company Invited,Salaried,Male,Single,Executive,Basic,1,1
50.0,3,2,3.0,5.0,1.0,34331.0,5,3.0,5.0,Self Enquiry,Small Business,Male,Married,VP,King,1,0
29.0,3,3,4.0,3.0,1.0,21644.0,4,4.0,8.0,Self Enquiry,Small Business,Male,Divorced,Manager,Deluxe,0,0
44.0,3,3,3.0,2.0,1.0,24024.0,1,6.0,16.0,Self Enquiry,Small Business,Fe Male,Unmarried,Manager,Deluxe,0,0
32.0,1,4,3.0,2.0,3.0,32353.0,4,4.0,10.0,Company Invited,Small Business,Male,Married,Senior Manager,Standard,0,1
24.0,1,2,5.0,1.0,0.0,17296.0,3,4.0,27.0,Self Enquiry,Large Business,Male,Married,Executive,Basic,0,0
27.0,1,3,5.0,3.0,2.0,23419.0,3,4.0,18.0,Company Invited,Small Business,Male,Divorced,Manager,Deluxe,1,1
40.0,1,3,3.0,2.0,2.0,24094.0,4,4.0,14.0,Self Enquiry,Small Business,Male,Unmarried,Executive,Basic,1,1
23.0,1,4,3.0,3.0,3.0,21613.0,3,2.0,23.0,Company Invited,Small Business,Male,Married,Executive,Basic,1,0
43.0,1,3,3.0,1.0,2.0,17258.0,4,3.0,27.0,Company Invited,Small Business,Male,Divorced,Executive,Basic,0,0
33.0,1,2,3.0,2.0,1.0,20968.0,5,3.0,13.0,Company Invited,Salaried,Male,Married,Manager,Deluxe,0,1
50.0,1,3,3.0,5.0,2.0,17380.0,5,3.0,15.0,Self Enquiry,Salaried,Male,Married,Executive,Basic,0,1
28.0,1,4,3.0,3.0,3.0,21244.0,1,5.0,10.0,Company Invited,Small Business,Male,Married,Executive,Basic,1,0
53.0,3,2,5.0,1.0,1.0,23381.0,1,3.0,6.0,Self Enquiry,Small Business,Female,Unmarried,Manager,Deluxe,0,1
50.0,3,3,3.0,1.0,1.0,21347.0,2,3.0,6.0,Company Invited,Salaried,Female,Divorced,Manager,Deluxe,0,1
35.0,1,3,3.0,3.0,1.0,23216.0,5,4.0,24.0,Self Enquiry,Salaried,Female,Unmarried,Executive,Basic,1,1
34.0,3,3,5.0,4.0,2.0,24054.0,3,2.0,7.0,Company Invited,Salaried,Female,Married,Manager,Deluxe,0,0
46.0,3,3,5.0,2.0,1.0,25453.0,2,3.0,6.0,Self Enquiry,Small Business,Female,Married,Senior Manager,Standard,0,1
52.0,1,2,3.0,1.0,0.0,18149.0,1,3.0,17.0,Self Enquiry,Salaried,Female,Married,Manager,Deluxe,0,1
47.0,3,4,4.0,5.0,1.0,35550.0,5,6.0,9.0,Self Enquiry,Large Business,Female,Married,AVP,Super Deluxe,1,1
44.0,1,3,5.0,2.0,0.0,17559.0,3,3.0,15.0,Self Enquiry,Salaried,Male,Married,Executive,Basic,1,1
33.0,1,3,3.0,3.0,1.0,21473.0,5,4.0,32.0,Self Enquiry,Salaried,Male,Unmarried,Executive,Basic,1,0
25.0,3,2,3.0,3.0,1.0,23639.0,4,4.0,34.0,Self Enquiry,Salaried,Male,Married,Manager,Deluxe,0,1
44.0,3,4,3.0,3.0,1.0,26525.0,3,4.0,9.0,Self Enquiry,Small Business,Male,Married,Manager,Deluxe,1,0
33.0,1,3,3.0,2.0,0.0,28458.0,2,3.0,6.0,Company Invited,Salaried,Fe Male,Unmarried,Senior Manager,Standard,1,1
37.0,1,4,3.0,5.0,3.0,25772.0,3,4.0,17.0,Self Enquiry,Large Business,Female,Divorced,Senior Manager,Standard,0,0
30.0,1,2,4.0,2.0,0.0,17141.0,5,4.0,13.0,Self Enquiry,Small Business,Male,Married,Executive,Basic,0,0
42.0,3,3,3.0,3.0,1.0,27919.0,5,4.0,13.0,Self Enquiry,Small Business,Male,Unmarried,Senior Manager,Standard,0,1
30.0,1,3,3.0,2.0,1.0,17083.0,3,3.0,9.0,Company Invited,Small Business,Female,Married,Executive,Basic,0,1
37.0,1,3,4.0,3.0,2.0,22370.0,3,4.0,10.0,Company Invited,Large Business,Male,Married,Executive,Basic,0,0
32.0,1,3,4.0,2.0,1.0,21335.0,3,5.0,16.0,Self Enquiry,Salaried,Male,Unmarried,Executive,Basic,1,1
31.0,1,3,3.0,4.0,0.0,24824.0,3,3.0,26.0,Company Invited,Salaried,Male,Divorced,Senior Manager,Standard,0,1
50.0,1,4,4.0,3.0,1.0,23808.0,1,5.0,15.0,Company Invited,Salaried,Male,Married,Manager,Deluxe,0,0
34.0,1,4,3.0,6.0,3.0,21174.0,3,4.0,9.0,Self Enquiry,Small Business,Male,Single,Executive,Basic,0,0
39.0,1,2,5.0,4.0,1.0,24966.0,5,5.0,19.0,Company Invited,Salaried,Male,Married,Manager,Deluxe,0,1
34.0,3,3,3.0,3.0,2.0,24713.0,4,3.0,10.0,Self Enquiry,Salaried,Male,Married,Senior Manager,Standard,1,0
48.0,3,4,3.0,5.0,3.0,21654.0,4,4.0,11.0,Company Invited,Small Business,Male,Unmarried,Manager,Deluxe,0,0
33.0,3,2,3.0,1.0,1.0,17342.0,2,4.0,14.0,Company Invited,Salaried,Female,Single,Executive,Basic,0,1
43.0,1,3,3.0,4.0,1.0,23943.0,1,4.0,28.0,Company Invited,Small Business,Female,Married,Manager,Deluxe,0,0
46.0,3,3,3.0,2.0,1.0,23528.0,1,4.0,27.0,Self Enquiry,Salaried,Female,Unmarried,Manager,Deluxe,0,1
37.0,1,3,5.0,3.0,1.0,21421.0,1,2.0,23.0,Self Enquiry,Salaried,Female,Unmarried,Executive,Basic,0,1
31.0,3,2,3.0,2.0,0.0,21932.0,2,3.0,26.0,Company Invited,Small Business,Female,Divorced,Manager,Deluxe,0,1
23.0,1,3,4.0,3.0,2.0,20922.0,1,4.0,18.0,Self Enquiry,Small Business,Female,Married,Executive,Basic,0,1
39.0,1,3,3.0,2.0,1.0,21984.0,5,4.0,11.0,Self Enquiry,Small Business,Female,Married,Executive,Basic,0,0
41.0,1,4,3.0,2.0,1.0,31915.0,5,4.0,13.0,Self Enquiry,Salaried,Female,Single,AVP,Super Deluxe,0,1
42.0,3,3,3.0,1.0,0.0,21244.0,3,4.0,20.0,Self Enquiry,Small Business,Female,Single,Manager,Deluxe,0,0
33.0,1,3,4.0,7.0,2.0,26878.0,3,3.0,11.0,Company Invited,Salaried,Female,Divorced,Senior Manager,Standard,0,1
33.0,3,3,3.0,3.0,2.0,23688.0,5,4.0,13.0,Self Enquiry,Small Business,Male,Unmarried,Manager,Deluxe,0,1
37.0,1,2,4.0,6.0,1.0,23163.0,2,4.0,10.0,Self Enquiry,Large Business,Male,Unmarried,Manager,Deluxe,0,1
43.0,3,2,3.0,4.0,0.0,21804.0,5,4.0,21.0,Company Invited,Salaried,Male,Married,Manager,Deluxe,0,1
36.0,3,3,5.0,6.0,0.0,21134.0,1,4.0,19.0,Self Enquiry,Small Business,Male,Married,Manager,Deluxe,1,1
37.0,1,3,3.0,6.0,2.0,22366.0,5,2.0,25.0,Company Invited,Salaried,Male,Married,Executive,Basic,0,1
49.0,1,2,3.0,3.0,1.0,33711.0,3,4.0,10.0,Self Enquiry,Small Business,Male,Married,VP,King,0,0
45.0,1,3,5.0,3.0,0.0,25851.0,3,5.0,26.0,Self Enquiry,Small Business,Male,Married,Senior Manager,Standard,1,0
29.0,1,3,3.0,8.0,2.0,23060.0,3,4.0,9.0,Self Enquiry,Small Business,Male,Unmarried,Executive,Basic,0,1
41.0,1,4,3.0,5.0,1.0,23100.0,2,5.0,33.0,Company Invited,Small Business,Female,Divorced,Manager,Deluxe,1,1
40.0,1,3,3.0,2.0,1.0,22786.0,4,4.0,31.0,Self Enquiry,Salaried,Male,Unmarried,Manager,Deluxe,0,1
42.0,1,3,4.0,7.0,0.0,17372.0,1,1.0,13.0,Self Enquiry,Small Business,Female,Divorced,Manager,Deluxe,1,0
33.0,1,3,3.0,5.0,2.0,29837.0,2,4.0,10.0,Self Enquiry,Salaried,Female,Single,Senior Manager,Standard,0,1
39.0,1,3,3.0,2.0,2.0,24423.0,3,4.0,30.0,Self Enquiry,Salaried,Male,Married,Manager,Deluxe,0,0
36.0,3,2,3.0,5.0,1.0,21653.0,2,3.0,6.0,Company Invited,Small Business,Female,Unmarried,Manager,Deluxe,0,1
32.0,3,3,3.0,5.0,2.0,21007.0,4,5.0,14.0,Self Enquiry,Salaried,Male,Divorced,Executive,Basic,0,1
20.0,1,3,5.0,2.0,2.0,17600.0,3,4.0,17.0,Self Enquiry,Small Business,Female,Single,Executive,Basic,1,1
41.0,1,2,3.0,5.0,1.0,17451.0,4,3.0,20.0,Self Enquiry,Salaried,Male,Married,Executive,Basic,0,1
55.0,1,3,3.0,1.0,0.0,17662.0,5,4.0,8.0,Self Enquiry,Large Business,Male,Married,Executive,Basic,0,0
25.0,1,4,3.0,4.0,3.0,20971.0,3,4.0,7.0,Self Enquiry,Small Business,Male,Divorced,Executive,Basic,1,1
32.0,3,3,3.0,3.0,1.0,29471.0,3,4.0,15.0,Self Enquiry,Salaried,Male,Married,Senior Manager,Standard,0,1
36.0,3,3,5.0,2.0,2.0,28260.0,4,4.0,11.0,Self Enquiry,Large Business,Male,Unmarried,Senior Manager,Standard,1,1
30.0,1,3,3.0,2.0,2.0,20775.0,3,3.0,34.0,Self Enquiry,Small Business,Female,Divorced,Manager,Deluxe,0,0
36.0,1,2,4.0,1.0,1.0,20674.0,3,3.0,30.0,Company Invited,Salaried,Female,Married,Manager,Deluxe,0,1
19.0,3,4,4.0,3.0,3.0,20556.0,4,4.0,12.0,Company Invited,Small Business,Male,Single,Executive,Basic,1,1
38.0,1,4,3.0,2.0,3.0,25025.0,3,4.0,12.0,Self Enquiry,Small Business,Male,Married,Manager,Deluxe,0,1
36.0,1,3,3.0,8.0,2.0,20936.0,1,5.0,7.0,Self Enquiry,Small Business,Male,Married,Executive,Basic,0,1
33.0,3,2,5.0,3.0,0.0,21392.0,5,3.0,14.0,Self Enquiry,Salaried,Male,Married,Manager,Deluxe,0,1
35.0,1,3,5.0,5.0,1.0,17194.0,2,3.0,6.0,Company Invited,Small Business,Male,Divorced,Executive,Basic,0,0
32.0,3,4,3.0,6.0,2.0,24138.0,5,2.0,13.0,Self Enquiry,Small Business,Male,Married,Manager,Deluxe,0,1
28.0,3,3,3.0,2.0,0.0,19908.0,3,3.0,11.0,Self Enquiry,Small Business,Male,Single,Manager,Deluxe,0,1
29.0,1,4,3.0,4.0,2.0,22163.0,4,4.0,9.0,Self Enquiry,Salaried,Male,Unmarried,Executive,Basic,0,0
33.0,3,3,3.0,3.0,2.0,24074.0,4,4.0,17.0,Self Enquiry,Small Business,Male,Unmarried,Manager,Deluxe,0,1
49.0,1,3,5.0,2.0,1.0,34080.0,4,5.0,7.0,Self Enquiry,Salaried,Female,Married,AVP,Super Deluxe,0,0
36.0,3,2,4.0,4.0,1.0,24278.0,4,3.0,9.0,Self Enquiry,Small Business,Fe Male,Unmarried,Manager,Deluxe,1,0
48.0,1,4,3.0,7.0,2.0,23748.0,2,4.0,9.0,Self Enquiry,Small Business,Female,Married,Manager,Deluxe,0,0
38.0,1,3,5.0,7.0,2.0,20980.0,2,1.0,8.0,Company Invited,Salaried,Female,Single,Manager,Deluxe,1,1
48.0,3,3,3.0,1.0,0.0,21439.0,4,3.0,22.0,Self Enquiry,Salaried,Female,Married,Manager,Deluxe,0,1
31.0,3,2,4.0,2.0,1.0,17302.0,5,3.0,6.0,Company Invited,Salaried,Female,Single,Executive,Basic,1,1
26.0,1,4,3.0,3.0,3.0,21567.0,2,5.0,14.0,Self Enquiry,Small Business,Male,Divorced,Executive,Basic,0,1
36.0,1,3,3.0,4.0,2.0,24440.0,3,4.0,9.0,Company Invited,Small Business,Male,Married,Manager,Deluxe,0,0
43.0,1,3,3.0,4.0,0.0,20679.0,3,3.0,15.0,Company Invited,Small Business,Male,Married,Manager,Deluxe,1,1
39.0,1,4,5.0,8.0,3.0,24658.0,2,2.0,9.0,Company Invited,Salaried,Fe Male,Unmarried,Manager,Deluxe,1,1
35.0,1,2,3.0,2.0,1.0,21646.0,5,5.0,12.0,Self Enquiry,Salaried,Male,Unmarried,Manager,Deluxe,0,0
51.0,1,2,4.0,6.0,1.0,27490.0,3,4.0,14.0,Self Enquiry,Salaried,Male,Divorced,Senior Manager,Standard,0,1
45.0,1,2,4.0,1.0,0.0,17348.0,4,3.0,15.0,Self Enquiry,Salaried,Male,Married,Manager,Deluxe,0,1
44.0,1,3,4.0,3.0,2.0,33014.0,3,5.0,19.0,Self Enquiry,Salaried,Male,Married,AVP,Super Deluxe,0,0
41.0,1,4,3.0,3.0,3.0,27772.0,4,5.0,15.0,Self Enquiry,Small Business,Male,Unmarried,Executive,Basic,1,1
38.0,1,4,3.0,8.0,3.0,28726.0,3,4.0,17.0,Company Invited,Small Business,Male,Married,Senior Manager,Standard,0,0
51.0,1,4,3.0,3.0,2.0,21899.0,1,2.0,35.0,Self Enquiry,Small Business,Male,Married,Executive,Basic,1,0
23.0,1,3,3.0,2.0,2.0,22849.0,5,4.0,10.0,Self Enquiry,Salaried,Female,Married,Manager,Deluxe,1,1
50.0,1,3,5.0,2.0,1.0,32924.0,5,3.0,8.0,Company Invited,Salaried,Male,Married,AVP,Super Deluxe,0,1
59.0,2,2,3.0,1.0,0.0,17267.0,4,3.0,12.0,Self Enquiry,Small Business,Male,Divorced,Executive,Basic,0,1
34.0,2,3,3.0,3.0,1.0,22278.0,2,4.0,9.0,Self Enquiry,Salaried,Male,Divorced,Executive,Basic,0,0
28.0,1,2,3.0,6.0,0.0,17028.0,2,4.0,30.0,Self Enquiry,Salaried,Male,Single,Executive,Basic,1,0
52.0,1,3,4.0,7.0,2.0,24160.0,1,6.0,9.0,Self Enquiry,Small Business,Male,Married,Manager,Deluxe,0,0
51.0,3,3,3.0,3.0,2.0,21361.0,4,5.0,10.0,Self Enquiry,Small Business,Male,Married,Executive,Basic,1,1
31.0,1,3,5.0,2.0,0.0,17218.0,4,4.0,6.0,Self Enquiry,Salaried,Male,Divorced,Executive,Basic,0,0
28.0,1,2,4.0,2.0,0.0,17408.0,1,3.0,30.0,Self Enquiry,Small Business,Male,Married,Executive,Basic,1,0
41.0,1,4,3.0,3.0,2.0,29113.0,1,5.0,22.0,Self Enquiry,Salaried,Female,Married,Senior Manager,Standard,0,1
48.0,1,4,3.0,7.0,1.0,23748.0,1,4.0,9.0,Self Enquiry,Small Business,Female,Married,Manager,Deluxe,0,0
27.0,3,2,3.0,2.0,0.0,23726.0,1,3.0,14.0,Company Invited,Salaried,Male,Unmarried,Senior Manager,Standard,0,1
33.0,1,2,3.0,1.0,0.0,28610.0,5,3.0,21.0,Self Enquiry,Small Business,Male,Divorced,Senior Manager,Standard,1,0
28.0,1,4,5.0,3.0,1.0,22744.0,1,5.0,26.0,Self Enquiry,Salaried,Male,Married,Executive,Basic,0,0
33.0,1,3,3.0,5.0,2.0,17496.0,3,3.0,8.0,Self Enquiry,Small Business,Male,Single,Executive,Basic,0,0
36.0,2,3,5.0,1.0,2.0,17342.0,2,4.0,14.0,Self Enquiry,Salaried,Male,Divorced,Executive,Basic,0,1
32.0,1,4,5.0,3.0,1.0,25490.0,5,5.0,31.0,Self Enquiry,Small Business,Fe Male,Unmarried,Manager,Deluxe,0,1
30.0,3,4,3.0,3.0,2.0,23327.0,1,4.0,9.0,Company Invited,Salaried,Male,Married,Manager,Deluxe,0,1
29.0,1,3,5.0,7.0,0.0,17404.0,5,4.0,16.0,Self Enquiry,Salaried,Female,Single,Executive,Basic,1,1
35.0,1,3,5.0,4.0,2.0,21638.0,2,4.0,13.0,Self Enquiry,Small Business,Male,Unmarried,Executive,Basic,0,1
31.0,3,3,3.0,5.0,0.0,22547.0,1,3.0,13.0,Self Enquiry,Small Business,Male,Married,Manager,Deluxe,0,0
26.0,3,3,3.0,2.0,2.0,23585.0,1,4.0,15.0,Self Enquiry,Salaried,Female,Married,Manager,Deluxe,1,1
29.0,1,3,3.0,3.0,1.0,20722.0,1,4.0,7.0,Self Enquiry,Salaried,Male,Married,Executive,Basic,0,0
35.0,3,4,3.0,3.0,1.0,25390.0,5,5.0,35.0,Self Enquiry,Small Business,Female,Married,Manager,Deluxe,0,1
47.0,1,3,3.0,4.0,1.0,23488.0,5,4.0,25.0,Self Enquiry,Small Business,Female,Married,Manager,Deluxe,0,0
19.0,1,4,3.0,3.0,1.0,20582.0,5,4.0,15.0,Company Invited,Small Business,Male,Single,Executive,Basic,0,0
41.0,1,3,3.0,2.0,1.0,21020.0,3,5.0,9.0,Self Enquiry,Small Business,Female,Single,Executive,Basic,1,0
60.0,1,4,3.0,5.0,3.0,32404.0,5,5.0,9.0,Self Enquiry,Salaried,Female,Single,AVP,Super Deluxe,1,0
46.0,3,3,3.0,2.0,2.0,24619.0,5,4.0,15.0,Self Enquiry,Small Business,Male,Unmarried,Senior Manager,Standard,0,1
29.0,1,4,5.0,5.0,3.0,25352.0,3,4.0,14.0,Self Enquiry,Salaried,Male,Unmarried,Executive,Basic,1,0
37.0,1,3,4.0,4.0,1.0,27525.0,4,5.0,16.0,Self Enquiry,Small Business,Male,Married,Manager,Deluxe,1,1
44.0,1,2,4.0,2.0,1.0,17342.0,3,3.0,6.0,Company Invited,Small Business,Male,Married,Executive,Basic,1,1
34.0,3,3,5.0,4.0,1.0,24054.0,3,3.0,7.0,Company Invited,Salaried,Female,Divorced,Manager,Deluxe,0,1
50.0,1,3,4.0,4.0,0.0,34144.0,5,3.0,10.0,Self Enquiry,Salaried,Male,Married,VP,King,0,1
23.0,1,3,5.0,2.0,0.0,16601.0,3,1.0,12.0,Self Enquiry,Salaried,Male,Married,Executive,Basic,1,0
57.0,1,4,4.0,2.0,1.0,23641.0,5,4.0,21.0,Self Enquiry,Salaried,Female,Married,Executive,Basic,1,1
35.0,3,4,3.0,3.0,3.0,25477.0,1,2.0,15.0,Self Enquiry,Large Business,Male,Married,Manager,Deluxe,0,0
30.0,1,4,4.0,7.0,3.0,21224.0,3,5.0,32.0,Self Enquiry,Large Business,Female,Married,Executive,Basic,0,1
29.0,3,2,3.0,2.0,0.0,22918.0,3,3.0,6.0,Company Invited,Small Business,Female,Divorced,Senior Manager,Standard,0,1
39.0,1,3,3.0,3.0,2.0,20380.0,5,4.0,9.0,Company Invited,Salaried,Male,Divorced,Executive,Basic,1,1
30.0,1,4,3.0,3.0,1.0,21398.0,2,6.0,7.0,Company Invited,Salaried,Male,Married,Executive,Basic,0,1
34.0,1,3,3.0,2.0,1.0,17553.0,5,4.0,22.0,Company Invited,Salaried,Female,Single,Executive,Basic,0,1
60.0,3,3,3.0,7.0,1.0,23849.0,3,5.0,10.0,Self Enquiry,Salaried,Fe Male,Unmarried,Manager,Deluxe,0,0
28.0,1,3,5.0,3.0,2.0,21019.0,3,4.0,9.0,Self Enquiry,Salaried,Female,Married,Executive,Basic,0,0
19.0,3,3,5.0,1.0,1.0,17325.0,3,5.0,6.0,Company Invited,Large Business,Female,Single,Executive,Basic,0,1
39.0,3,2,3.0,5.0,1.0,20238.0,4,3.0,9.0,Self Enquiry,Small Business,Female,Divorced,Manager,Deluxe,1,1
42.0,3,3,5.0,3.0,2.0,27070.0,3,3.0,7.0,Self Enquiry,Small Business,Male,Divorced,Senior Manager,Standard,0,1
52.0,3,4,3.0,2.0,3.0,24119.0,5,4.0,28.0,Self Enquiry,Small Business,Male,Unmarried,Manager,Deluxe,1,0
37.0,1,1,3.0,5.0,0.0,28664.0,2,3.0,13.0,Self Enquiry,Small Business,Male,Single,Senior Manager,Standard,0,0
58.0,3,3,3.0,5.0,0.0,32875.0,5,3.0,27.0,Self Enquiry,Salaried,Female,Married,AVP,Super Deluxe,1,1
59.0,1,3,3.0,4.0,0.0,28726.0,5,4.0,8.0,Self Enquiry,Salaried,Female,Single,AVP,Super Deluxe,1,1
35.0,1,3,4.0,2.0,1.0,30672.0,5,4.0,14.0,Self Enquiry,Salaried,Female,Single,Senior Manager,Standard,0,0
36.0,3,4,5.0,5.0,3.0,27644.0,3,4.0,24.0,Self Enquiry,Salaried,Male,Married,Manager,Deluxe,1,0
33.0,2,2,4.0,4.0,1.0,17277.0,5,3.0,9.0,Self Enquiry,Salaried,Male,Married,Executive,Basic,1,0
47.0,1,2,3.0,3.0,0.0,23633.0,3,3.0,31.0,Self Enquiry,Small Business,Male,Unmarried,Senior Manager,Standard,0,1
24.0,1,4,3.0,3.0,2.0,22183.0,1,2.0,17.0,Self Enquiry,Small Business,Male,Unmarried,Executive,Basic,0,0
33.0,1,4,3.0,3.0,3.0,23987.0,4,4.0,31.0,Company Invited,Salaried,Male,Married,Manager,Deluxe,0,1
33.0,3,2,3.0,2.0,0.0,32444.0,3,3.0,23.0,Company Invited,Salaried,Male,Single,AVP,Super Deluxe,0,1
33.0,1,4,4.0,3.0,1.0,24898.0,3,4.0,7.0,Self Enquiry,Salaried,Male,Divorced,Manager,Deluxe,0,0
35.0,3,3,5.0,5.0,2.0,23437.0,5,6.0,10.0,Self Enquiry,Salaried,Male,Unmarried,Manager,Deluxe,0,1
37.0,3,4,3.0,6.0,2.0,25330.0,1,5.0,18.0,Self Enquiry,Small Business,Female,Married,Manager,Deluxe,0,1
36.0,2,3,3.0,3.0,1.0,27515.0,1,4.0,33.0,Self Enquiry,Salaried,Fe Male,Unmarried,Senior Manager,Standard,1,1
32.0,3,3,3.0,4.0,2.0,24610.0,3,5.0,25.0,Self Enquiry,Salaried,Male,Married,Senior Manager,Standard,0,1
35.0,1,3,4.0,1.0,0.0,23095.0,3,3.0,11.0,Self Enquiry,Large Business,Male,Unmarried,Senior Manager,Standard,0,0
38.0,1,3,3.0,3.0,2.0,32422.0,1,2.0,17.0,Self Enquiry,Salaried,Female,Married,Senior Manager,Standard,1,0
35.0,1,3,4.0,1.0,1.0,23095.0,3,3.0,11.0,Self Enquiry,Large Business,Male,Unmarried,Senior Manager,Standard,0,1
55.0,3,2,4.0,4.0,1.0,31835.0,2,3.0,24.0,Self Enquiry,Salaried,Female,Single,AVP,Super Deluxe,0,0
29.0,1,3,4.0,3.0,1.0,21086.0,1,4.0,31.0,Self Enquiry,Small Business,Male,Married,Executive,Basic,1,0
50.0,1,3,3.0,7.0,2.0,25496.0,5,4.0,16.0,Self Enquiry,Large Business,Male,Unmarried,Senior Manager,Standard,0,0
31.0,1,3,4.0,2.0,2.0,22446.0,3,1.0,6.0,Company Invited,Salaried,Female,Unmarried,Senior Manager,Standard,0,1
31.0,3,2,3.0,1.0,0.0,18067.0,4,3.0,8.0,Self Enquiry,Salaried,Male,Married,Executive,Basic,0,1
46.0,3,3,5.0,3.0,1.0,23063.0,3,5.0,33.0,Company Invited,Small Business,Male,Married,Manager,Deluxe,0,0
36.0,1,2,3.0,1.0,1.0,18210.0,5,3.0,12.0,Self Enquiry,Salaried,Male,Married,Executive,Basic,0,1
36.0,1,3,3.0,8.0,2.0,20936.0,2,5.0,7.0,Self Enquiry,Small Business,Male,Divorced,Executive,Basic,0,1
30.0,1,2,3.0,5.0,1.0,17132.0,2,3.0,28.0,Self Enquiry,Salaried,Female,Divorced,Executive,Basic,1,0
35.0,1,2,3.0,2.0,1.0,16281.0,2,4.0,9.0,Company Invited,Salaried,Male,Divorced,Executive,Basic,0,1
40.0,1,2,3.0,2.0,1.0,34033.0,5,3.0,10.0,Self Enquiry,Small Business,Female,Married,VP,King,0,1
36.0,1,4,5.0,4.0,2.0,28562.0,5,5.0,18.0,Company Invited,Small Business,Male,Divorced,Senior Manager,Standard,1,1
38.0,1,2,3.0,4.0,0.0,17821.0,3,3.0,9.0,Company Invited,Salaried,Male,Married,Executive,Basic,0,1
28.0,1,3,4.0,2.0,1.0,21736.0,4,4.0,24.0,Self Enquiry,Large Business,Male,Divorced,Executive,Basic,1,1
49.0,1,4,3.0,4.0,1.0,22918.0,2,5.0,13.0,Self Enquiry,Salaried,Male,Unmarried,Manager,Deluxe,0,0
56.0,3,2,5.0,1.0,0.0,28212.0,3,1.0,12.0,Company Invited,Salaried,Female,Married,AVP,Super Deluxe,0,1
59.0,1,3,3.0,3.0,2.0,21050.0,3,4.0,30.0,Self Enquiry,Salaried,Male,Married,Executive,Basic,0,1
35.0,1,2,4.0,1.0,1.0,17426.0,4,1.0,22.0,Self Enquiry,Small Business,Male,Married,Executive,Basic,0,1
29.0,3,4,4.0,3.0,1.0,21534.0,1,4.0,10.0,Self Enquiry,Small Business,Female,Married,Executive,Basic,0,1
30.0,1,4,3.0,6.0,2.0,23013.0,1,4.0,34.0,Self Enquiry,Small Business,Female,Married,Manager,Deluxe,0,0
50.0,3,3,3.0,4.0,0.0,34517.0,1,3.0,6.0,Self Enquiry,Small Business,Female,Married,VP,King,0,1
30.0,1,2,5.0,6.0,0.0,17657.0,4,3.0,9.0,Self Enquiry,Large Business,Female,Single,Executive,Basic,1,0
36.0,1,4,5.0,6.0,2.0,20872.0,1,4.0,7.0,Company Invited,Small Business,Male,Married,Executive,Basic,0,0
29.0,1,3,3.0,3.0,1.0,22119.0,2,4.0,12.0,Self Enquiry,Large Business,Male,Unmarried,Executive,Basic,1,1
29.0,1,3,4.0,1.0,0.0,17703.0,4,3.0,8.0,Self Enquiry,Salaried,Male,Divorced,Executive,Basic,0,0
54.0,1,2,3.0,1.0,0.0,28549.0,4,3.0,8.0,Self Enquiry,Large Business,Female,Divorced,Senior Manager,Standard,0,1
41.0,1,3,3.0,3.0,0.0,21811.0,2,4.0,8.0,Company Invited,Salaried,Female,Unmarried,Manager,Deluxe,1,0
43.0,1,4,3.0,4.0,2.0,23234.0,3,4.0,36.0,Company Invited,Salaried,Female,Married,Manager,Deluxe,0,1
42.0,1,3,5.0,4.0,2.0,17576.0,3,3.0,6.0,Self Enquiry,Salaried,Female,Married,Executive,Basic,0,0
33.0,3,3,4.0,4.0,1.0,22609.0,3,4.0,11.0,Self Enquiry,Salaried,Female,Divorced,Executive,Basic,0,1
35.0,1,3,3.0,5.0,1.0,21657.0,1,5.0,10.0,Company Invited,Salaried,Male,Married,Executive,Basic,0,0
35.0,1,4,3.0,5.0,2.0,24820.0,4,4.0,15.0,Self Enquiry,Small Business,Fe Male,Unmarried,Manager,Deluxe,0,1
40.0,3,2,4.0,3.0,1.0,24094.0,5,4.0,31.0,Self Enquiry,Small Business,Male,Unmarried,Senior Manager,Standard,1,0
29.0,1,2,3.0,2.0,0.0,17389.0,3,4.0,24.0,Self Enquiry,Small Business,Male,Single,Executive,Basic,1,0
31.0,3,3,3.0,2.0,2.0,23414.0,3,4.0,32.0,Company Invited,Large Business,Female,Married,Manager,Deluxe,1,1
36.0,1,2,5.0,5.0,1.0,23008.0,4,3.0,11.0,Self Enquiry,Salaried,Female,Married,Senior Manager,Standard,0,1
27.0,1,2,3.0,3.0,1.0,17580.0,3,3.0,8.0,Company Invited,Small Business,Male,Single,Executive,Basic,0,0
27.0,1,3,4.0,3.0,2.0,25075.0,5,4.0,7.0,Company Invited,Salaried,Female,Married,Manager,Deluxe,0,1
32.0,3,2,3.0,2.0,1.0,23998.0,4,3.0,14.0,Company Invited,Small Business,Fe Male,Unmarried,Senior Manager,Standard,0,1
38.0,2,2,4.0,1.0,1.0,17991.0,1,3.0,6.0,Company Invited,Salaried,Male,Married,Executive,Basic,1,1
38.0,2,4,5.0,6.0,1.0,20751.0,2,4.0,13.0,Self Enquiry,Salaried,Male,Married,Executive,Basic,1,1
48.0,1,2,3.0,5.0,0.0,17259.0,1,3.0,26.0,Self Enquiry,Small Business,Male,Married,Executive,Basic,0,1
25.0,1,3,3.0,3.0,1.0,21564.0,4,4.0,14.0,Company Invited,Salaried,Female,Divorced,Executive,Basic,1,0
46.0,1,4,5.0,3.0,3.0,23888.0,2,4.0,14.0,Company Invited,Salaried,Male,Married,Senior Manager,Standard,0,1
60.0,3,2,5.0,1.0,0.0,20405.0,4,3.0,22.0,Self Enquiry,Small Business,Male,Single,Manager,Deluxe,0,1
31.0,1,3,3.0,2.0,1.0,21242.0,4,4.0,9.0,Company Invited,Small Business,Female,Single,Executive,Basic,0,1
33.0,1,3,5.0,2.0,1.0,22878.0,4,4.0,16.0,Self Enquiry,Small Business,Female,Unmarried,Executive,Basic,0,1
20.0,3,3,3.0,3.0,1.0,20353.0,1,4.0,29.0,Self Enquiry,Small Business,Male,Single,Executive,Basic,1,1
41.0,1,3,3.0,2.0,2.0,32177.0,4,4.0,16.0,Company Invited,Small Business,Female,Single,Senior Manager,Standard,0,1
29.0,1,3,3.0,7.0,1.0,17532.0,5,4.0,13.0,Self Enquiry,Small Business,Female,Married,Executive,Basic,0,1
37.0,2,4,5.0,2.0,3.0,21020.0,2,5.0,15.0,Self Enquiry,Salaried,Male,Divorced,Executive,Basic,0,1
41.0,3,3,5.0,2.0,2.0,24151.0,3,4.0,16.0,Self Enquiry,Small Business,Male,Married,Manager,Deluxe,0,1
36.0,1,3,5.0,1.0,0.0,26713.0,3,2.0,14.0,Company Invited,Salaried,Female,Divorced,Senior Manager,Standard,0,0
31.0,3,3,3.0,5.0,2.0,20460.0,5,2.0,12.0,Self Enquiry,Small Business,Male,Married,Manager,Deluxe,0,1
50.0,3,2,3.0,2.0,0.0,17683.0,4,4.0,9.0,Self Enquiry,Small Business,Male,Divorced,Executive,Basic,1,0
36.0,3,2,4.0,3.0,0.0,20507.0,4,4.0,23.0,Self Enquiry,Small Business,Male,Married,Manager,Deluxe,0,1
39.0,1,3,3.0,1.0,1.0,25938.0,2,3.0,8.0,Company Invited,Large Business,Fe Male,Unmarried,Senior Manager,Standard,0,1
30.0,1,2,3.0,2.0,1.0,17206.0,4,4.0,15.0,Self Enquiry,Small Business,Male,Single,Executive,Basic,0,0
28.0,1,3,3.0,3.0,2.0,21217.0,1,5.0,13.0,Self Enquiry,Salaried,Male,Married,Executive,Basic,0,1
42.0,3,4,3.0,5.0,2.0,32269.0,2,4.0,13.0,Self Enquiry,Salaried,Female,Single,Senior Manager,Standard,1,0
39.0,1,2,4.0,5.0,1.0,23376.0,3,3.0,12.0,Self Enquiry,Salaried,Female,Unmarried,Senior Manager,Standard,0,0
44.0,1,3,4.0,5.0,1.0,17042.0,3,3.0,29.0,Company Invited,Small Business,Male,Married,Manager,Deluxe,0,0
32.0,3,3,5.0,4.0,1.0,22911.0,2,4.0,20.0,Self Enquiry,Small Business,Male,Married,Manager,Deluxe,0,0
42.0,3,3,4.0,3.0,1.0,24829.0,1,6.0,17.0,Company Invited,Small Business,Male,Unmarried,Manager,Deluxe,0,1
35.0,1,2,3.0,4.0,0.0,17506.0,3,1.0,6.0,Self Enquiry,Salaried,Female,Single,Executive,Basic,0,0
30.0,1,3,5.0,2.0,2.0,22017.0,4,5.0,9.0,Company Invited,Small Business,Male,Unmarried,Executive,Basic,0,1
30.0,3,3,3.0,2.0,0.0,21578.0,2,4.0,16.0,Self Enquiry,Small Business,Male,Divorced,Manager,Deluxe,0,1
56.0,1,2,3.0,1.0,0.0,26103.0,4,3.0,15.0,Self Enquiry,Small Business,Male,Divorced,AVP,Super Deluxe,0,0
28.0,1,3,4.0,3.0,2.0,21156.0,3,4.0,12.0,Self Enquiry,Salaried,Female,Single,Executive,Basic,1,0
50.0,3,3,3.0,3.0,1.0,26332.0,4,4.0,18.0,Self Enquiry,Small Business,Female,Married,Senior Manager,Standard,0,0
28.0,3,2,5.0,1.0,0.0,23463.0,1,3.0,11.0,Self Enquiry,Small Business,Male,Unmarried,Manager,Deluxe,0,1
33.0,1,2,5.0,1.0,0.0,17707.0,3,3.0,8.0,Self Enquiry,Salaried,Female,Divorced,Executive,Basic,0,1
36.0,3,2,3.0,5.0,0.0,20079.0,3,3.0,14.0,Company Invited,Large Business,Male,Married,Manager,Deluxe,0,1
59.0,2,2,3.0,1.0,0.0,17267.0,4,3.0,12.0,Self Enquiry,Small Business,Male,Married,Executive,Basic,0,0
44.0,1,3,3.0,6.0,2.0,21116.0,3,4.0,16.0,Company Invited,Salaried,Male,Single,Executive,Basic,0,0
30.0,1,3,3.0,2.0,1.0,17693.0,2,3.0,30.0,Self Enquiry,Salaried,Male,Married,Executive,Basic,0,0
43.0,3,2,3.0,4.0,1.0,21804.0,5,4.0,21.0,Company Invited,Salaried,Male,Divorced,Manager,Deluxe,0,0
42.0,1,3,3.0,4.0,1.0,21781.0,2,4.0,8.0,Self Enquiry,Salaried,Male,Unmarried,Manager,Deluxe,0,0
39.0,3,2,3.0,4.0,1.0,21120.0,1,4.0,27.0,Self Enquiry,Salaried,Male,Divorced,Manager,Deluxe,1,0
30.0,1,3,5.0,3.0,2.0,23401.0,3,4.0,10.0,Self Enquiry,Small Business,Male,Unmarried,Executive,Basic,1,0
38.0,1,3,3.0,6.0,1.0,26169.0,5,4.0,7.0,Self Enquiry,Large Business,Fe Male,Unmarried,Senior Manager,Standard,0,1
30.0,1,4,5.0,3.0,2.0,20797.0,3,6.0,15.0,Self Enquiry,Salaried,Male,Married,Executive,Basic,1,0
61.0,3,4,5.0,6.0,1.0,28944.0,1,5.0,35.0,Company Invited,Small Business,Female,Married,Senior Manager,Standard,0,1
30.0,1,3,3.0,2.0,2.0,20775.0,3,3.0,34.0,Self Enquiry,Small Business,Female,Married,Manager,Deluxe,0,1
39.0,3,3,3.0,6.0,2.0,27364.0,1,5.0,7.0,Self Enquiry,Salaried,Fe Male,Unmarried,Manager,Deluxe,0,0
46.0,1,2,3.0,3.0,0.0,22379.0,1,3.0,8.0,Self Enquiry,Large Business,Male,Married,Manager,Deluxe,0,0
20.0,3,2,3.0,2.0,0.0,17678.0,3,1.0,27.0,Self Enquiry,Small Business,Male,Single,Executive,Basic,0,0
34.0,1,3,3.0,5.0,1.0,22130.0,3,4.0,20.0,Self Enquiry,Salaried,Female,Unmarried,Executive,Basic,0,1
31.0,1,3,3.0,5.0,1.0,23972.0,1,2.0,23.0,Self Enquiry,Salaried,Male,Married,Manager,Deluxe,0,1
39.0,1,3,3.0,1.0,1.0,17232.0,3,3.0,6.0,Self Enquiry,Small Business,Female,Married,Executive,Basic,0,0
38.0,1,3,3.0,7.0,0.0,18057.0,4,3.0,8.0,Self Enquiry,Small Business,Male,Divorced,Executive,Basic,1,0
29.0,1,3,3.0,5.0,0.0,17514.0,5,3.0,34.0,Self Enquiry,Salaried,Female,Married,Executive,Basic,0,1
37.0,1,3,4.0,5.0,1.0,18022.0,4,3.0,25.0,Self Enquiry,Salaried,Male,Married,Executive,Basic,0,0
43.0,1,3,3.0,2.0,1.0,17645.0,2,2.0,8.0,Self Enquiry,Small Business,Female,Married,Executive,Basic,0,0
42.0,1,4,5.0,3.0,3.0,22781.0,3,4.0,15.0,Self Enquiry,Small Business,Female,Married,Executive,Basic,1,0
22.0,1,2,3.0,2.0,0.0,17814.0,3,4.0,32.0,Company Invited,Salaried,Female,Married,Executive,Basic,1,0
36.0,1,2,3.0,2.0,0.0,17741.0,1,5.0,12.0,Self Enquiry,Salaried,Male,Married,Executive,Basic,0,1
43.0,1,3,5.0,8.0,1.0,24088.0,1,4.0,25.0,Self Enquiry,Salaried,Male,Married,Manager,Deluxe,1,0
40.0,1,2,3.0,1.0,0.0,17406.0,1,3.0,6.0,Self Enquiry,Salaried,Male,Married,Executive,Basic,0,0
34.0,3,4,5.0,2.0,2.0,26902.0,3,4.0,16.0,Self Enquiry,Small Business,Fe Male,Unmarried,Manager,Deluxe,1,0
47.0,3,4,4.0,2.0,3.0,26669.0,4,5.0,33.0,Company Invited,Salaried,Male,Unmarried,Manager,Deluxe,0,1
48.0,1,3,5.0,1.0,0.0,17367.0,1,3.0,21.0,Self Enquiry,Salaried,Female,Married,Executive,Basic,0,1
18.0,3,2,3.0,2.0,1.0,16611.0,5,3.0,15.0,Self Enquiry,Small Business,Male,Single,Executive,Basic,0,0
38.0,3,3,4.0,3.0,1.0,26320.0,5,4.0,26.0,Company Invited,Small Business,Male,Unmarried,Senior Manager,Standard,1,0
31.0,1,3,3.0,7.0,2.0,25555.0,2,5.0,9.0,Self Enquiry,Small Business,Fe Male,Unmarried,Manager,Deluxe,1,1
46.0,1,4,3.0,2.0,1.0,32174.0,3,4.0,27.0,Self Enquiry,Small Business,Male,Divorced,AVP,Super Deluxe,1,0
36.0,1,4,3.0,2.0,1.0,21383.0,1,6.0,30.0,Self Enquiry,Small Business,Male,Married,Executive,Basic,0,1
21.0,1,3,3.0,2.0,1.0,18230.0,5,4.0,9.0,Self Enquiry,Small Business,Male,Single,Executive,Basic,0,1
44.0,1,3,3.0,2.0,1.0,22978.0,3,3.0,21.0,Self Enquiry,Small Business,Female,Divorced,Senior Manager,Standard,0,0
48.0,1,2,3.0,2.0,1.0,22898.0,5,3.0,10.0,Self Enquiry,Salaried,Male,Unmarried,Senior Manager,Standard,0,1
33.0,1,2,4.0,2.0,1.0,20488.0,3,1.0,6.0,Company Invited,Salaried,Female,Divorced,Manager,Deluxe,1,0
28.0,1,2,4.0,2.0,0.0,17596.0,4,4.0,6.0,Company Invited,Small Business,Male,Married,Executive,Basic,0,1
37.0,1,2,4.0,6.0,1.0,23163.0,1,4.0,10.0,Self Enquiry,Large Business,Male,Unmarried,Manager,Deluxe,0,1
37.0,3,3,3.0,5.0,0.0,21334.0,5,4.0,22.0,Self Enquiry,Small Business,Male,Married,Manager,Deluxe,0,1
45.0,1,3,3.0,5.0,0.0,21434.0,1,1.0,13.0,Company Invited,Salaried,Male,Married,Manager,Deluxe,0,1
46.0,3,2,3.0,4.0,0.0,32465.0,1,3.0,9.0,Self Enquiry,Small Business,Male,Married,AVP,Super Deluxe,0,1
47.0,1,3,3.0,7.0,1.0,29205.0,3,4.0,25.0,Company Invited,Small Business,Female,Divorced,Senior Manager,Standard,0,1
32.0,1,3,5.0,2.0,2.0,17956.0,2,3.0,6.0,Self Enquiry,Salaried,Male,Single,Executive,Basic,0,0
39.0,1,2,5.0,2.0,1.0,32068.0,3,3.0,16.0,Self Enquiry,Small Business,Male,Divorced,AVP,Super Deluxe,1,1
21.0,3,2,3.0,2.0,0.0,17610.0,4,3.0,15.0,Company Invited,Small Business,Male,Single,Executive,Basic,0,0
38.0,1,3,3.0,2.0,1.0,24409.0,3,5.0,32.0,Self Enquiry,Small Business,Female,Married,Manager,Deluxe,0,1
45.0,1,2,3.0,5.0,1.0,20399.0,1,3.0,6.0,Company Invited,Small Business,Male,Single,Manager,Deluxe,0,1
45.0,1,2,3.0,5.0,0.0,24380.0,5,3.0,35.0,Self Enquiry,Large Business,Male,Divorced,Senior Manager,Standard,1,1
22.0,1,4,3.0,3.0,3.0,21908.0,5,5.0,10.0,Self Enquiry,Small Business,Male,Unmarried,Executive,Basic,0,1
32.0,1,3,4.0,1.0,2.0,18298.0,1,1.0,11.0,Self Enquiry,Salaried,Male,Married,Executive,Basic,1,1
37.0,1,4,4.0,6.0,1.0,25640.0,4,4.0,9.0,Self Enquiry,Salaried,Female,Married,Manager,Deluxe,1,0
40.0,1,2,3.0,1.0,0.0,17342.0,3,4.0,8.0,Self Enquiry,Small Business,Female,Single,Executive,Basic,1,0
31.0,1,3,4.0,2.0,1.0,21100.0,3,4.0,12.0,Company Invited,Small Business,Female,Single,Executive,Basic,0,0
52.0,1,2,5.0,5.0,1.0,26162.0,2,5.0,7.0,Company Invited,Small Business,Fe Male,Unmarried,Senior Manager,Standard,0,1
38.0,1,3,5.0,6.0,2.0,24652.0,3,2.0,13.0,Self Enquiry,Small Business,Male,Married,Manager,Deluxe,1,1
21.0,3,3,3.0,3.0,1.0,21001.0,4,4.0,16.0,Company Invited,Small Business,Female,Single,Executive,Basic,1,1
41.0,1,4,5.0,5.0,2.0,20844.0,3,4.0,14.0,Self Enquiry,Salaried,Male,Single,Executive,Basic,1,0
37.0,3,4,5.0,6.0,1.0,24325.0,5,5.0,23.0,Self Enquiry,Small Business,Female,Divorced,Manager,Deluxe,0,1
47.0,3,2,4.0,7.0,0.0,30972.0,1,1.0,8.0,Self Enquiry,Salaried,Female,Married,AVP,Super Deluxe,0,0
36.0,1,4,5.0,6.0,2.0,20872.0,2,4.0,7.0,Company Invited,Small Business,Male,Divorced,Executive,Basic,0,0
35.0,1,3,3.0,1.0,0.0,17705.0,1,5.0,29.0,Self Enquiry,Small Business,Male,Married,Executive,Basic,0,1
22.0,1,3,3.0,2.0,0.0,17323.0,1,3.0,25.0,Self Enquiry,Small Business,Male,Married,Executive,Basic,0,1
26.0,3,3,3.0,4.0,2.0,27317.0,4,5.0,35.0,Self Enquiry,Salaried,Male,Married,Manager,Deluxe,0,1
26.0,3,3,4.0,2.0,1.0,23529.0,4,2.0,15.0,Self Enquiry,Salaried,Male,Married,Manager,Deluxe,0,1
29.0,1,3,4.0,1.0,0.0,18291.0,5,3.0,16.0,Company Invited,Salaried,Female,Married,Executive,Basic,0,1
31.0,2,3,5.0,4.0,2.0,21410.0,3,4.0,8.0,Self Enquiry,Salaried,Male,Married,Manager,Deluxe,0,0
39.0,3,2,3.0,3.0,1.0,23237.0,4,1.0,12.0,Self Enquiry,Small Business,Male,Married,Senior Manager,Standard,0,1
46.0,1,3,3.0,7.0,1.0,22130.0,1,4.0,36.0,Self Enquiry,Small Business,Male,Unmarried,Executive,Basic,0,1
29.0,1,3,3.0,7.0,2.0,22142.0,3,6.0,9.0,Self Enquiry,Small Business,Male,Married,Executive,Basic,1,1
36.0,1,2,4.0,3.0,0.0,23847.0,4,4.0,15.0,Self Enquiry,Small Business,Male,Married,Manager,Deluxe,1,1
30.0,3,3,5.0,3.0,2.0,22140.0,1,4.0,21.0,Self Enquiry,Small Business,Male,Married,Senior Manager,Standard,0,0
34.0,3,4,5.0,7.0,1.0,24002.0,3,4.0,23.0,Self Enquiry,Small Business,Fe Male,Unmarried,Manager,Deluxe,0,1
41.0,3,4,4.0,6.0,1.0,31872.0,3,2.0,31.0,Company Invited,Salaried,Female,Single,AVP,Super Deluxe,1,1
27.0,1,3,3.0,1.0,1.0,17187.0,1,4.0,12.0,Self Enquiry,Small Business,Female,Married,Executive,Basic,0,0
36.0,1,4,3.0,3.0,2.0,20629.0,4,4.0,11.0,Self Enquiry,Salaried,Male,Married,Executive,Basic,0,1
46.0,1,3,5.0,1.0,2.0,24396.0,1,3.0,6.0,Self Enquiry,Small Business,Male,Married,Senior Manager,Standard,0,0
44.0,1,2,3.0,6.0,1.0,25209.0,1,3.0,8.0,Company Invited,Small Business,Male,Unmarried,Senior Manager,Standard,1,0
28.0,1,2,3.0,2.0,0.0,17703.0,4,4.0,12.0,Company Invited,Salaried,Male,Married,Executive,Basic,1,1
29.0,1,3,3.0,2.0,1.0,20056.0,3,4.0,14.0,Self Enquiry,Small Business,Male,Married,Manager,Deluxe,1,1
18.0,1,3,3.0,2.0,1.0,16611.0,5,3.0,6.0,Company Invited,Salaried,Female,Single,Executive,Basic,0,1
43.0,3,3,5.0,2.0,2.0,23833.0,5,4.0,11.0,Self Enquiry,Small Business,Male,Unmarried,Manager,Deluxe,0,1
38.0,3,3,3.0,4.0,1.0,26106.0,3,4.0,10.0,Self Enquiry,Salaried,Male,Unmarried,Senior Manager,Standard,0,0
37.0,1,4,4.0,3.0,2.0,25177.0,4,5.0,18.0,Company Invited,Salaried,Male,Unmarried,Manager,Deluxe,0,1
44.0,1,2,3.0,4.0,1.0,18162.0,1,4.0,11.0,Company Invited,Salaried,Male,Single,Executive,Basic,0,0
51.0,1,3,4.0,4.0,1.0,28734.0,5,3.0,9.0,Self Enquiry,Small Business,Female,Single,AVP,Super Deluxe,0,0
40.0,3,2,3.0,3.0,0.0,22457.0,3,5.0,6.0,Self Enquiry,Small Business,Male,Married,Manager,Deluxe,1,1
38.0,1,4,3.0,5.0,3.0,23127.0,3,4.0,32.0,Company Invited,Small Business,Female,Married,Manager,Deluxe,1,1
42.0,3,2,4.0,1.0,0.0,21825.0,3,3.0,14.0,Self Enquiry,Small Business,Male,Married,Manager,Deluxe,0,1
58.0,1,3,3.0,2.0,0.0,25312.0,3,3.0,29.0,Self Enquiry,Small Business,Female,Divorced,Senior Manager,Standard,0,1
34.0,1,2,3.0,1.0,1.0,23500.0,5,3.0,15.0,Self Enquiry,Salaried,Male,Married,Senior Manager,Standard,0,1
31.0,1,3,3.0,2.0,1.0,21398.0,4,5.0,9.0,Self Enquiry,Small Business,Male,Unmarried,Executive,Basic,0,0
37.0,1,2,3.0,2.0,0.0,17326.0,2,3.0,15.0,Company Invited,Small Business,Male,Divorced,Executive,Basic,1,0
29.0,1,2,3.0,4.0,0.0,31124.0,4,3.0,13.0,Self Enquiry,Large Business,Female,Married,Executive,Basic,1,1
30.0,3,3,4.0,3.0,1.0,20975.0,1,4.0,17.0,Self Enquiry,Small Business,Male,Married,Executive,Basic,0,1
26.0,2,3,3.0,2.0,0.0,17942.0,4,3.0,31.0,Self Enquiry,Salaried,Female,Divorced,Executive,Basic,0,1
59.0,1,4,3.0,3.0,1.0,28990.0,3,4.0,30.0,Self Enquiry,Small Business,Female,Married,Senior Manager,Standard,0,1
34.0,3,3,3.0,1.0,1.0,24725.0,5,1.0,6.0,Self Enquiry,Small Business,Male,Married,Manager,Deluxe,0,0
52.0,1,3,3.0,2.0,2.0,38215.0,5,4.0,13.0,Self Enquiry,Salaried,Male,Single,VP,King,0,1
37.0,3,2,3.0,3.0,1.0,22428.0,3,3.0,9.0,Self Enquiry,Salaried,Male,Unmarried,Senior Manager,Standard,0,0
38.0,1,2,3.0,1.0,0.0,22625.0,1,1.0,6.0,Self Enquiry,Salaried,Female,Unmarried,Manager,Deluxe,0,0
46.0,1,3,4.0,2.0,1.0,21026.0,4,4.0,16.0,Self Enquiry,Salaried,Male,Married,Manager,Deluxe,0,1
49.0,3,4,3.0,5.0,1.0,31182.0,4,4.0,36.0,Self Enquiry,Small Business,Female,Divorced,Senior Manager,Standard,0,0
33.0,1,4,3.0,3.0,3.0,25000.0,5,4.0,16.0,Self Enquiry,Salaried,Female,Divorced,Manager,Deluxe,1,1
51.0,3,4,3.0,6.0,3.0,27886.0,5,4.0,19.0,Company Invited,Small Business,Fe Male,Unmarried,Senior Manager,Standard,0,1
26.0,3,3,5.0,3.0,2.0,22934.0,3,5.0,11.0,Self Enquiry,Small Business,Male,Divorced,Manager,Deluxe,0,1
24.0,3,3,4.0,2.0,2.0,18202.0,4,3.0,6.0,Self Enquiry,Large Business,Female,Single,Executive,Basic,1,1
30.0,1,3,5.0,5.0,1.0,28393.0,1,6.0,15.0,Self Enquiry,Salaried,Female,Married,Manager,Deluxe,0,0
44.0,1,2,5.0,4.0,0.0,31328.0,1,3.0,34.0,Self Enquiry,Salaried,Male,Divorced,AVP,Super Deluxe,0,1
35.0,1,4,4.0,3.0,3.0,23003.0,5,4.0,7.0,Self Enquiry,Small Business,Male,Married,Manager,Deluxe,0,1
34.0,3,2,3.0,1.0,1.0,17351.0,4,5.0,12.0,Company Invited,Small Business,Female,Married,Executive,Basic,0,0
20.0,3,4,5.0,2.0,1.0,21003.0,3,6.0,7.0,Company Invited,Large Business,Female,Single,Executive,Basic,0,1
29.0,1,4,5.0,3.0,2.0,27400.0,1,5.0,31.0,Company Invited,Large Business,Male,Unmarried,Senior Manager,Standard,0,1
35.0,1,4,3.0,3.0,2.0,24752.0,5,6.0,14.0,Company Invited,Salaried,Male,Unmarried,Manager,Deluxe,1,1
41.0,1,4,3.0,6.0,2.0,29000.0,3,4.0,27.0,Self Enquiry,Large Business,Male,Married,Senior Manager,Standard,0,1
34.0,1,4,3.0,6.0,3.0,21174.0,3,4.0,9.0,Self Enquiry,Small Business,Male,Single,Executive,Basic,0,1
53.0,1,3,4.0,2.0,2.0,29123.0,3,4.0,6.0,Self Enquiry,Salaried,Male,Single,Senior Manager,Standard,0,1
36.0,1,4,4.0,2.0,2.0,30674.0,5,3.0,29.0,Self Enquiry,Salaried,Female,Married,Senior Manager,Standard,0,1
38.0,1,2,3.0,4.0,1.0,28206.0,1,5.0,16.0,Self Enquiry,Small Business,Female,Married,Senior Manager,Standard,0,1
32.0,1,4,3.0,3.0,3.0,22155.0,5,4.0,9.0,Self Enquiry,Salaried,Male,Married,Executive,Basic,0,0
29.0,1,3,3.0,2.0,2.0,17720.0,1,5.0,6.0,Company Invited,Salaried,Male,Married,Executive,Basic,0,0
51.0,3,3,4.0,2.0,1.0,22553.0,2,4.0,15.0,Self Enquiry,Small Business,Male,Divorced,Executive,Basic,0,1
36.0,1,2,3.0,3.0,1.0,21537.0,4,5.0,7.0,Self Enquiry,Small Business,Male,Unmarried,Executive,Basic,0,1
36.0,3,4,4.0,2.0,2.0,26698.0,1,4.0,23.0,Self Enquiry,Small Business,Male,Married,Senior Manager,Standard,0,1
50.0,1,2,3.0,6.0,1.0,33740.0,4,4.0,13.0,Self Enquiry,Small Business,Female,Married,VP,King,1,1
58.0,1,3,3.0,4.0,2.0,25433.0,3,4.0,7.0,Self Enquiry,Small Business,Male,Divorced,Manager,Deluxe,0,1
28.0,1,3,4.0,3.0,1.0,22494.0,3,4.0,7.0,Self Enquiry,Small Business,Male,Married,Executive,Basic,0,0
26.0,1,4,3.0,2.0,2.0,23576.0,3,4.0,7.0,Self Enquiry,Salaried,Female,Divorced,Manager,Deluxe,0,1
36.0,3,2,3.0,2.0,0.0,25325.0,2,4.0,9.0,Self Enquiry,Salaried,Male,Divorced,Senior Manager,Standard,1,1
27.0,1,3,4.0,4.0,2.0,21051.0,2,4.0,23.0,Self Enquiry,Small Business,Male,Married,Executive,Basic,1,1
43.0,1,1,3.0,2.0,0.0,22510.0,1,3.0,17.0,Self Enquiry,Salaried,Male,Married,Senior Manager,Standard,0,1
33.0,3,3,5.0,1.0,0.0,23224.0,3,3.0,15.0,Self Enquiry,Small Business,Female,Unmarried,Manager,Deluxe,1,0
31.0,1,3,3.0,6.0,2.0,20810.0,2,4.0,29.0,Self Enquiry,Salaried,Female,Divorced,Executive,Basic,1,0
45.0,1,3,3.0,5.0,1.0,28926.0,4,5.0,14.0,Self Enquiry,Small Business,Female,Divorced,Senior Manager,Standard,0,1
57.0,1,3,3.0,6.0,1.0,25938.0,1,6.0,14.0,Self Enquiry,Salaried,Male,Unmarried,Senior Manager,Standard,0,0
60.0,1,4,3.0,8.0,2.0,29190.0,3,4.0,25.0,Self Enquiry,Small Business,Male,Single,Senior Manager,Standard,0,1
33.0,1,3,3.0,3.0,1.0,24840.0,4,4.0,7.0,Self Enquiry,Small Business,Male,Divorced,Manager,Deluxe,1,1
42.0,1,3,5.0,4.0,2.0,23399.0,4,4.0,13.0,Self Enquiry,Small Business,Male,Unmarried,Executive,Basic,1,1
47.0,3,4,3.0,3.0,3.0,28297.0,5,5.0,16.0,Self Enquiry,Small Business,Male,Unmarried,Senior Manager,Standard,0,1
50.0,1,3,3.0,4.0,1.0,32644.0,5,5.0,13.0,Self Enquiry,Salaried,Female,Married,AVP,Super Deluxe,1,1
57.0,1,2,3.0,4.0,0.0,24439.0,4,1.0,30.0,Self Enquiry,Salaried,Male,Married,Senior Manager,Standard,1,1
44.0,1,2,5.0,5.0,1.0,17362.0,5,3.0,9.0,Self Enquiry,Salaried,Male,Divorced,Executive,Basic,0,1
41.0,1,3,3.0,3.0,2.0,38304.0,3,5.0,21.0,Self Enquiry,Small Business,Male,Single,VP,King,0,1
46.0,3,4,3.0,6.0,3.0,23832.0,1,4.0,9.0,Company Invited,Salaried,Female,Married,Manager,Deluxe,0,1
44.0,1,4,3.0,2.0,3.0,20936.0,4,4.0,28.0,Company Invited,Small Business,Male,Married,Executive,Basic,0,1
29.0,1,4,4.0,3.0,3.0,25227.0,1,6.0,36.0,Self Enquiry,Salaried,Male,Divorced,Manager,Deluxe,0,1
36.0,1,3,4.0,2.0,2.0,21104.0,3,3.0,23.0,Self Enquiry,Small Business,Male,Divorced,Executive,Basic,0,1
20.0,1,3,5.0,3.0,2.0,21230.0,3,4.0,16.0,Self Enquiry,Salaried,Male,Single,Executive,Basic,0,0
35.0,1,3,4.0,1.0,1.0,21540.0,1,4.0,15.0,Self Enquiry,Salaried,Male,Unmarried,Manager,Deluxe,0,0
43.0,1,3,3.0,3.0,1.0,22767.0,1,4.0,9.0,Self Enquiry,Salaried,Female,Married,Manager,Deluxe,0,0
33.0,3,4,3.0,5.0,3.0,28288.0,3,6.0,26.0,Self Enquiry,Salaried,Male,Married,Senior Manager,Standard,0,1
28.0,1,2,3.0,1.0,0.0,17154.0,4,3.0,6.0,Company Invited,Small Business,Male,Single,Executive,Basic,1,0
31.0,3,2,3.0,2.0,0.0,25793.0,3,3.0,14.0,Self Enquiry,Salaried,Male,Married,Senior Manager,Standard,0,1
26.0,1,4,3.0,3.0,3.0,21567.0,1,5.0,14.0,Self Enquiry,Small Business,Male,Married,Executive,Basic,0,0
39.0,1,4,5.0,6.0,3.0,25571.0,3,4.0,16.0,Company Invited,Salaried,Male,Married,Manager,Deluxe,0,0
23.0,1,2,3.0,2.0,1.0,16223.0,4,3.0,6.0,Self Enquiry,Salaried,Male,Divorced,Executive,Basic,0,0
54.0,3,4,3.0,7.0,1.0,30514.0,3,4.0,15.0,Self Enquiry,Small Business,Male,Married,AVP,Super Deluxe,0,1
33.0,3,2,3.0,1.0,0.0,22104.0,1,3.0,14.0,Self Enquiry,Small Business,Male,Married,Manager,Deluxe,0,0
52.0,1,2,3.0,4.0,1.0,28826.0,5,4.0,31.0,Company Invited,Small Business,Female,Married,AVP,Super Deluxe,0,0
40.0,1,2,3.0,4.0,1.0,17213.0,3,1.0,16.0,Self Enquiry,Salaried,Female,Married,Executive,Basic,1,0
37.0,1,2,3.0,2.0,0.0,21474.0,1,4.0,7.0,Self Enquiry,Salaried,Female,Married,Manager,Deluxe,0,0
31.0,1,4,4.0,2.0,3.0,22257.0,4,4.0,7.0,Self Enquiry,Small Business,Male,Divorced,Executive,Basic,1,1
31.0,1,2,3.0,4.0,0.0,17356.0,3,3.0,17.0,Self Enquiry,Salaried,Male,Married,Executive,Basic,1,0
47.0,1,3,3.0,6.0,1.0,20070.0,2,3.0,8.0,Self Enquiry,Small Business,Female,Married,Manager,Deluxe,0,0
26.0,2,3,3.0,2.0,1.0,17942.0,4,3.0,31.0,Self Enquiry,Salaried,Female,Married,Executive,Basic,0,1
20.0,1,4,4.0,3.0,2.0,20537.0,5,5.0,17.0,Company Invited,Small Business,Female,Single,Executive,Basic,1,1
30.0,3,3,5.0,3.0,2.0,26014.0,3,5.0,30.0,Self Enquiry,Salaried,Female,Married,Senior Manager,Standard,0,1
45.0,1,3,3.0,4.0,2.0,22386.0,3,6.0,31.0,Company Invited,Small Business,Male,Unmarried,Executive,Basic,0,0
31.0,1,4,5.0,3.0,2.0,21750.0,1,4.0,16.0,Company Invited,Small Business,Male,Married,Manager,Deluxe,0,1
31.0,2,3,4.0,1.0,2.0,17109.0,1,1.0,14.0,Self Enquiry,Small Business,Female,Single,Executive,Basic,0,0
30.0,1,3,3.0,3.0,2.0,21378.0,2,2.0,30.0,Self Enquiry,Salaried,Male,Divorced,Executive,Basic,0,1
36.0,3,4,5.0,3.0,1.0,27747.0,4,4.0,25.0,Company Invited,Salaried,Male,Divorced,Senior Manager,Standard,0,1
28.0,1,4,3.0,2.0,2.0,20865.0,2,5.0,13.0,Self Enquiry,Small Business,Female,Married,Executive,Basic,0,1
37.0,1,4,3.0,8.0,1.0,24025.0,3,4.0,33.0,Self Enquiry,Salaried,Male,Married,Manager,Deluxe,0,1
19.0,3,3,5.0,1.0,0.0,17325.0,3,5.0,6.0,Company Invited,Large Business,Female,Single,Executive,Basic,0,1
33.0,1,2,4.0,7.0,0.0,17622.0,4,4.0,10.0,Self Enquiry,Small Business,Female,Divorced,Executive,Basic,0,0
32.0,3,4,5.0,7.0,1.0,20980.0,1,5.0,20.0,Self Enquiry,Small Business,Male,Married,Manager,Deluxe,1,1
33.0,1,4,3.0,2.0,3.0,22703.0,3,4.0,36.0,Company Invited,Small Business,Female,Unmarried,Executive,Basic,0,1
52.0,1,2,5.0,1.0,1.0,17950.0,1,3.0,14.0,Self Enquiry,Salaried,Female,Divorced,Executive,Basic,0,1
52.0,1,3,4.0,5.0,2.0,31820.0,1,5.0,18.0,Self Enquiry,Large Business,Female,Single,AVP,Super Deluxe,0,0
47.0,1,3,3.0,4.0,1.0,26057.0,2,4.0,9.0,Self Enquiry,Large Business,Male,Married,Manager,Deluxe,0,1
48.0,3,3,3.0,4.0,1.0,27504.0,4,3.0,35.0,Self Enquiry,Small Business,Female,Married,Senior Manager,Standard,0,0
46.0,1,4,3.0,5.0,1.0,20948.0,5,4.0,7.0,Self Enquiry,Small Business,Female,Married,Executive,Basic,0,1
35.0,3,4,3.0,2.0,2.0,23246.0,5,4.0,30.0,Company Invited,Small Business,Male,Unmarried,Manager,Deluxe,0,1
44.0,1,2,3.0,3.0,1.0,21465.0,3,3.0,16.0,Self Enquiry,Salaried,Male,Divorced,Manager,Deluxe,1,1
41.0,3,3,5.0,7.0,2.0,29153.0,5,5.0,12.0,Company Invited,Salaried,Male,Divorced,Senior Manager,Standard,1,0
46.0,1,3,5.0,3.0,1.0,22311.0,1,4.0,30.0,Company Invited,Salaried,Male,Married,Manager,Deluxe,1,1
39.0,1,3,5.0,5.0,2.0,21297.0,1,4.0,7.0,Self Enquiry,Salaried,Female,Unmarried,Executive,Basic,0,0
30.0,3,2,5.0,6.0,1.0,21696.0,2,4.0,32.0,Company Invited,Small Business,Female,Unmarried,Manager,Deluxe,0,0
43.0,1,3,5.0,2.0,1.0,21271.0,4,5.0,9.0,Self Enquiry,Small Business,Female,Married,Executive,Basic,1,1
28.0,3,3,3.0,3.0,2.0,22783.0,1,4.0,16.0,Self Enquiry,Small Business,Male,Unmarried,Manager,Deluxe,0,0
60.0,1,2,5.0,6.0,0.0,34566.0,5,3.0,13.0,Self Enquiry,Salaried,Female,Divorced,VP,King,0,0
32.0,1,4,3.0,5.0,1.0,28502.0,3,4.0,27.0,Company Invited,Salaried,Male,Divorced,Senior Manager,Standard,0,1
27.0,1,2,5.0,2.0,0.0,23793.0,3,3.0,16.0,Company Invited,Salaried,Male,Married,Senior Manager,Standard,0,1
29.0,1,4,4.0,2.0,3.0,20894.0,1,6.0,7.0,Self Enquiry,Salaried,Female,Single,Executive,Basic,1,1
23.0,1,3,4.0,3.0,1.0,21006.0,4,3.0,12.0,Self Enquiry,Salaried,Male,Married,Executive,Basic,1,0
39.0,3,3,5.0,5.0,2.0,25571.0,4,4.0,9.0,Self Enquiry,Salaried,Female,Married,Manager,Deluxe,0,0
